Checklist	ERC000060:1.11	ENA marker sequence checklist									
tax_id	scientific_name	sample_alias	sample_title	sample_description	collection date	geographic location (country and/or sea)	collected_by	broad-scale environmental context	local environmental context	project name	environmental medium
#units											
3750	Malus domestica	2022-1-ASB-CL-LE-1_16S	Malus domestica phyllosphere 16S amplicons	16s rRNA gene V5-V6  (799F - 1115R) amplicon reads	2022-05-17	Canada	Université de Sherbrooke	orchard [ENVO:00000115]	leaf [ENVO:00000115]	Orchard phyllosphere interannual sampling	organic material [ENVO:01000155]
3750	Malus domestica	2022-1-ASB-CL-LE-2_16S	Malus domestica phyllosphere 16S amplicons	16s rRNA gene V5-V6  (799F - 1115R) amplicon reads	2022-05-17	Canada	Université de Sherbrooke	orchard [ENVO:00000115]	leaf [ENVO:00000115]	Orchard phyllosphere interannual sampling	organic material [ENVO:01000155]
3750	Malus domestica	2022-1-ASB-CL-LE-3_16S	Malus domestica phyllosphere 16S amplicons	16s rRNA gene V5-V6  (799F - 1115R) amplicon reads	2022-05-17	Canada	Université de Sherbrooke	orchard [ENVO:00000115]	leaf [ENVO:00000115]	Orchard phyllosphere interannual sampling	organic material [ENVO:01000155]
3750	Malus domestica	2022-1-ASB-LI-LE-1_16S	Malus domestica phyllosphere 16S amplicons	16s rRNA gene V5-V6  (799F - 1115R) amplicon reads	2022-05-17	Canada	Université de Sherbrooke	orchard [ENVO:00000115]	leaf [ENVO:00000115]	Orchard phyllosphere interannual sampling	organic material [ENVO:01000155]
3750	Malus domestica	2022-1-ASB-LI-LE-2_16S	Malus domestica phyllosphere 16S amplicons	16s rRNA gene V5-V6  (799F - 1115R) amplicon reads	2022-05-17	Canada	Université de Sherbrooke	orchard [ENVO:00000115]	leaf [ENVO:00000115]	Orchard phyllosphere interannual sampling	organic material [ENVO:01000155]
3750	Malus domestica	2022-1-ASB-LI-LE-3_16S	Malus domestica phyllosphere 16S amplicons	16s rRNA gene V5-V6  (799F - 1115R) amplicon reads	2022-05-17	Canada	Université de Sherbrooke	orchard [ENVO:00000115]	leaf [ENVO:00000115]	Orchard phyllosphere interannual sampling	organic material [ENVO:01000155]
3750	Malus domestica	2022-1-ASB-PR-LE-1_16S	Malus domestica phyllosphere 16S amplicons	16s rRNA gene V5-V6  (799F - 1115R) amplicon reads	2022-05-17	Canada	Université de Sherbrooke	orchard [ENVO:00000115]	leaf [ENVO:00000115]	Orchard phyllosphere interannual sampling	organic material [ENVO:01000155]
3750	Malus domestica	2022-1-ASB-PR-LE-2_16S	Malus domestica phyllosphere 16S amplicons	16s rRNA gene V5-V6  (799F - 1115R) amplicon reads	2022-05-17	Canada	Université de Sherbrooke	orchard [ENVO:00000115]	leaf [ENVO:00000115]	Orchard phyllosphere interannual sampling	organic material [ENVO:01000155]
3750	Malus domestica	2022-1-ASB-PR-LE-3_16S	Malus domestica phyllosphere 16S amplicons	16s rRNA gene V5-V6  (799F - 1115R) amplicon reads	2022-05-17	Canada	Université de Sherbrooke	orchard [ENVO:00000115]	leaf [ENVO:00000115]	Orchard phyllosphere interannual sampling	organic material [ENVO:01000155]
3750	Malus domestica	2022-1-PMB-CL-LE-1_16S	Malus domestica phyllosphere 16S amplicons	16s rRNA gene V5-V6  (799F - 1115R) amplicon reads	2022-05-17	Canada	Université de Sherbrooke	orchard [ENVO:00000115]	leaf [ENVO:00000115]	Orchard phyllosphere interannual sampling	organic material [ENVO:01000155]
3750	Malus domestica	2022-1-PMB-CL-LE-2_16S	Malus domestica phyllosphere 16S amplicons	16s rRNA gene V5-V6  (799F - 1115R) amplicon reads	2022-05-17	Canada	Université de Sherbrooke	orchard [ENVO:00000115]	leaf [ENVO:00000115]	Orchard phyllosphere interannual sampling	organic material [ENVO:01000155]
3750	Malus domestica	2022-1-PMB-CL-LE-3_16S	Malus domestica phyllosphere 16S amplicons	16s rRNA gene V5-V6  (799F - 1115R) amplicon reads	2022-05-17	Canada	Université de Sherbrooke	orchard [ENVO:00000115]	leaf [ENVO:00000115]	Orchard phyllosphere interannual sampling	organic material [ENVO:01000155]
3750	Malus domestica	2022-1-PMB-LI-LE-1_16S	Malus domestica phyllosphere 16S amplicons	16s rRNA gene V5-V6  (799F - 1115R) amplicon reads	2022-05-17	Canada	Université de Sherbrooke	orchard [ENVO:00000115]	leaf [ENVO:00000115]	Orchard phyllosphere interannual sampling	organic material [ENVO:01000155]
3750	Malus domestica	2022-1-PMB-LI-LE-2_16S	Malus domestica phyllosphere 16S amplicons	16s rRNA gene V5-V6  (799F - 1115R) amplicon reads	2022-05-17	Canada	Université de Sherbrooke	orchard [ENVO:00000115]	leaf [ENVO:00000115]	Orchard phyllosphere interannual sampling	organic material [ENVO:01000155]
3750	Malus domestica	2022-1-PMB-LI-LE-3_16S	Malus domestica phyllosphere 16S amplicons	16s rRNA gene V5-V6  (799F - 1115R) amplicon reads	2022-05-17	Canada	Université de Sherbrooke	orchard [ENVO:00000115]	leaf [ENVO:00000115]	Orchard phyllosphere interannual sampling	organic material [ENVO:01000155]
3750	Malus domestica	2022-1-PMB-PR-LE-1_16S	Malus domestica phyllosphere 16S amplicons	16s rRNA gene V5-V6  (799F - 1115R) amplicon reads	2022-05-17	Canada	Université de Sherbrooke	orchard [ENVO:00000115]	leaf [ENVO:00000115]	Orchard phyllosphere interannual sampling	organic material [ENVO:01000155]
3750	Malus domestica	2022-1-PMB-PR-LE-2_16S	Malus domestica phyllosphere 16S amplicons	16s rRNA gene V5-V6  (799F - 1115R) amplicon reads	2022-05-17	Canada	Université de Sherbrooke	orchard [ENVO:00000115]	leaf [ENVO:00000115]	Orchard phyllosphere interannual sampling	organic material [ENVO:01000155]
3750	Malus domestica	2022-1-PMB-PR-LE-3_16S	Malus domestica phyllosphere 16S amplicons	16s rRNA gene V5-V6  (799F - 1115R) amplicon reads	2022-05-17	Canada	Université de Sherbrooke	orchard [ENVO:00000115]	leaf [ENVO:00000115]	Orchard phyllosphere interannual sampling	organic material [ENVO:01000155]
3750	Malus domestica	2022-1-VBS-CL-LE-1_16S	Malus domestica phyllosphere 16S amplicons	16s rRNA gene V5-V6  (799F - 1115R) amplicon reads	2022-05-20	Canada	Université de Sherbrooke	orchard [ENVO:00000115]	leaf [ENVO:00000115]	Orchard phyllosphere interannual sampling	organic material [ENVO:01000155]
3750	Malus domestica	2022-1-VBS-CL-LE-2_16S	Malus domestica phyllosphere 16S amplicons	16s rRNA gene V5-V6  (799F - 1115R) amplicon reads	2022-05-20	Canada	Université de Sherbrooke	orchard [ENVO:00000115]	leaf [ENVO:00000115]	Orchard phyllosphere interannual sampling	organic material [ENVO:01000155]
3750	Malus domestica	2022-1-VBS-CL-LE-3_16S	Malus domestica phyllosphere 16S amplicons	16s rRNA gene V5-V6  (799F - 1115R) amplicon reads	2022-05-20	Canada	Université de Sherbrooke	orchard [ENVO:00000115]	leaf [ENVO:00000115]	Orchard phyllosphere interannual sampling	organic material [ENVO:01000155]
3750	Malus domestica	2022-1-VBS-LI-LE-1_16S	Malus domestica phyllosphere 16S amplicons	16s rRNA gene V5-V6  (799F - 1115R) amplicon reads	2022-05-20	Canada	Université de Sherbrooke	orchard [ENVO:00000115]	leaf [ENVO:00000115]	Orchard phyllosphere interannual sampling	organic material [ENVO:01000155]
3750	Malus domestica	2022-1-VBS-LI-LE-2_16S	Malus domestica phyllosphere 16S amplicons	16s rRNA gene V5-V6  (799F - 1115R) amplicon reads	2022-05-20	Canada	Université de Sherbrooke	orchard [ENVO:00000115]	leaf [ENVO:00000115]	Orchard phyllosphere interannual sampling	organic material [ENVO:01000155]
3750	Malus domestica	2022-1-VBS-LI-LE-3_16S	Malus domestica phyllosphere 16S amplicons	16s rRNA gene V5-V6  (799F - 1115R) amplicon reads	2022-05-20	Canada	Université de Sherbrooke	orchard [ENVO:00000115]	leaf [ENVO:00000115]	Orchard phyllosphere interannual sampling	organic material [ENVO:01000155]
3750	Malus domestica	2022-1-VBS-PR-LE-1_16S	Malus domestica phyllosphere 16S amplicons	16s rRNA gene V5-V6  (799F - 1115R) amplicon reads	2022-05-20	Canada	Université de Sherbrooke	orchard [ENVO:00000115]	leaf [ENVO:00000115]	Orchard phyllosphere interannual sampling	organic material [ENVO:01000155]
3750	Malus domestica	2022-1-VBS-PR-LE-2_16S	Malus domestica phyllosphere 16S amplicons	16s rRNA gene V5-V6  (799F - 1115R) amplicon reads	2022-05-20	Canada	Université de Sherbrooke	orchard [ENVO:00000115]	leaf [ENVO:00000115]	Orchard phyllosphere interannual sampling	organic material [ENVO:01000155]
3750	Malus domestica	2022-1-VBS-PR-LE-3_16S	Malus domestica phyllosphere 16S amplicons	16s rRNA gene V5-V6  (799F - 1115R) amplicon reads	2022-05-20	Canada	Université de Sherbrooke	orchard [ENVO:00000115]	leaf [ENVO:00000115]	Orchard phyllosphere interannual sampling	organic material [ENVO:01000155]
3750	Malus domestica	2022-2-ASB-CL-LE-1_16S	Malus domestica phyllosphere 16S amplicons	16s rRNA gene V5-V6  (799F - 1115R) amplicon reads	2022-07-07	Canada	Université de Sherbrooke	orchard [ENVO:00000115]	leaf [ENVO:00000115]	Orchard phyllosphere interannual sampling	organic material [ENVO:01000155]
3750	Malus domestica	2022-2-ASB-CL-LE-2_16S	Malus domestica phyllosphere 16S amplicons	16s rRNA gene V5-V6  (799F - 1115R) amplicon reads	2022-07-07	Canada	Université de Sherbrooke	orchard [ENVO:00000115]	leaf [ENVO:00000115]	Orchard phyllosphere interannual sampling	organic material [ENVO:01000155]
3750	Malus domestica	2022-2-ASB-CL-LE-3_16S	Malus domestica phyllosphere 16S amplicons	16s rRNA gene V5-V6  (799F - 1115R) amplicon reads	2022-07-07	Canada	Université de Sherbrooke	orchard [ENVO:00000115]	leaf [ENVO:00000115]	Orchard phyllosphere interannual sampling	organic material [ENVO:01000155]
3750	Malus domestica	2022-2-ASB-LI-LE-1_16S	Malus domestica phyllosphere 16S amplicons	16s rRNA gene V5-V6  (799F - 1115R) amplicon reads	2022-07-07	Canada	Université de Sherbrooke	orchard [ENVO:00000115]	leaf [ENVO:00000115]	Orchard phyllosphere interannual sampling	organic material [ENVO:01000155]
3750	Malus domestica	2022-2-ASB-LI-LE-2_16S	Malus domestica phyllosphere 16S amplicons	16s rRNA gene V5-V6  (799F - 1115R) amplicon reads	2022-07-07	Canada	Université de Sherbrooke	orchard [ENVO:00000115]	leaf [ENVO:00000115]	Orchard phyllosphere interannual sampling	organic material [ENVO:01000155]
3750	Malus domestica	2022-2-ASB-LI-LE-3_16S	Malus domestica phyllosphere 16S amplicons	16s rRNA gene V5-V6  (799F - 1115R) amplicon reads	2022-07-07	Canada	Université de Sherbrooke	orchard [ENVO:00000115]	leaf [ENVO:00000115]	Orchard phyllosphere interannual sampling	organic material [ENVO:01000155]
3750	Malus domestica	2022-2-ASB-PR-LE-1_16S	Malus domestica phyllosphere 16S amplicons	16s rRNA gene V5-V6  (799F - 1115R) amplicon reads	2022-07-07	Canada	Université de Sherbrooke	orchard [ENVO:00000115]	leaf [ENVO:00000115]	Orchard phyllosphere interannual sampling	organic material [ENVO:01000155]
3750	Malus domestica	2022-2-ASB-PR-LE-2_16S	Malus domestica phyllosphere 16S amplicons	16s rRNA gene V5-V6  (799F - 1115R) amplicon reads	2022-07-07	Canada	Université de Sherbrooke	orchard [ENVO:00000115]	leaf [ENVO:00000115]	Orchard phyllosphere interannual sampling	organic material [ENVO:01000155]
3750	Malus domestica	2022-2-ASB-PR-LE-3_16S	Malus domestica phyllosphere 16S amplicons	16s rRNA gene V5-V6  (799F - 1115R) amplicon reads	2022-07-07	Canada	Université de Sherbrooke	orchard [ENVO:00000115]	leaf [ENVO:00000115]	Orchard phyllosphere interannual sampling	organic material [ENVO:01000155]
3750	Malus domestica	2022-2-PMB-CL-LE-1_16S	Malus domestica phyllosphere 16S amplicons	16s rRNA gene V5-V6  (799F - 1115R) amplicon reads	2022-07-11	Canada	Université de Sherbrooke	orchard [ENVO:00000115]	leaf [ENVO:00000115]	Orchard phyllosphere interannual sampling	organic material [ENVO:01000155]
3750	Malus domestica	2022-2-PMB-CL-LE-2_16S	Malus domestica phyllosphere 16S amplicons	16s rRNA gene V5-V6  (799F - 1115R) amplicon reads	2022-07-11	Canada	Université de Sherbrooke	orchard [ENVO:00000115]	leaf [ENVO:00000115]	Orchard phyllosphere interannual sampling	organic material [ENVO:01000155]
3750	Malus domestica	2022-2-PMB-CL-LE-3_16S	Malus domestica phyllosphere 16S amplicons	16s rRNA gene V5-V6  (799F - 1115R) amplicon reads	2022-07-11	Canada	Université de Sherbrooke	orchard [ENVO:00000115]	leaf [ENVO:00000115]	Orchard phyllosphere interannual sampling	organic material [ENVO:01000155]
3750	Malus domestica	2022-2-PMB-LI-LE-1_16S	Malus domestica phyllosphere 16S amplicons	16s rRNA gene V5-V6  (799F - 1115R) amplicon reads	2022-07-11	Canada	Université de Sherbrooke	orchard [ENVO:00000115]	leaf [ENVO:00000115]	Orchard phyllosphere interannual sampling	organic material [ENVO:01000155]
3750	Malus domestica	2022-2-PMB-LI-LE-2_16S	Malus domestica phyllosphere 16S amplicons	16s rRNA gene V5-V6  (799F - 1115R) amplicon reads	2022-07-11	Canada	Université de Sherbrooke	orchard [ENVO:00000115]	leaf [ENVO:00000115]	Orchard phyllosphere interannual sampling	organic material [ENVO:01000155]
3750	Malus domestica	2022-2-PMB-LI-LE-3_16S	Malus domestica phyllosphere 16S amplicons	16s rRNA gene V5-V6  (799F - 1115R) amplicon reads	2022-07-11	Canada	Université de Sherbrooke	orchard [ENVO:00000115]	leaf [ENVO:00000115]	Orchard phyllosphere interannual sampling	organic material [ENVO:01000155]
3750	Malus domestica	2022-2-PMB-PR-LE-1_16S	Malus domestica phyllosphere 16S amplicons	16s rRNA gene V5-V6  (799F - 1115R) amplicon reads	2022-07-11	Canada	Université de Sherbrooke	orchard [ENVO:00000115]	leaf [ENVO:00000115]	Orchard phyllosphere interannual sampling	organic material [ENVO:01000155]
3750	Malus domestica	2022-2-PMB-PR-LE-2_16S	Malus domestica phyllosphere 16S amplicons	16s rRNA gene V5-V6  (799F - 1115R) amplicon reads	2022-07-11	Canada	Université de Sherbrooke	orchard [ENVO:00000115]	leaf [ENVO:00000115]	Orchard phyllosphere interannual sampling	organic material [ENVO:01000155]
3750	Malus domestica	2022-2-PMB-PR-LE-3_16S	Malus domestica phyllosphere 16S amplicons	16s rRNA gene V5-V6  (799F - 1115R) amplicon reads	2022-07-11	Canada	Université de Sherbrooke	orchard [ENVO:00000115]	leaf [ENVO:00000115]	Orchard phyllosphere interannual sampling	organic material [ENVO:01000155]
3750	Malus domestica	2022-2-VBS-CL-LE-1_16S	Malus domestica phyllosphere 16S amplicons	16s rRNA gene V5-V6  (799F - 1115R) amplicon reads	2022-07-07	Canada	Université de Sherbrooke	orchard [ENVO:00000115]	leaf [ENVO:00000115]	Orchard phyllosphere interannual sampling	organic material [ENVO:01000155]
3750	Malus domestica	2022-2-VBS-CL-LE-2_16S	Malus domestica phyllosphere 16S amplicons	16s rRNA gene V5-V6  (799F - 1115R) amplicon reads	2022-07-07	Canada	Université de Sherbrooke	orchard [ENVO:00000115]	leaf [ENVO:00000115]	Orchard phyllosphere interannual sampling	organic material [ENVO:01000155]
3750	Malus domestica	2022-2-VBS-CL-LE-3_16S	Malus domestica phyllosphere 16S amplicons	16s rRNA gene V5-V6  (799F - 1115R) amplicon reads	2022-07-07	Canada	Université de Sherbrooke	orchard [ENVO:00000115]	leaf [ENVO:00000115]	Orchard phyllosphere interannual sampling	organic material [ENVO:01000155]
3750	Malus domestica	2022-2-VBS-LI-LE-1_16S	Malus domestica phyllosphere 16S amplicons	16s rRNA gene V5-V6  (799F - 1115R) amplicon reads	2022-07-07	Canada	Université de Sherbrooke	orchard [ENVO:00000115]	leaf [ENVO:00000115]	Orchard phyllosphere interannual sampling	organic material [ENVO:01000155]
3750	Malus domestica	2022-2-VBS-LI-LE-2_16S	Malus domestica phyllosphere 16S amplicons	16s rRNA gene V5-V6  (799F - 1115R) amplicon reads	2022-07-07	Canada	Université de Sherbrooke	orchard [ENVO:00000115]	leaf [ENVO:00000115]	Orchard phyllosphere interannual sampling	organic material [ENVO:01000155]
3750	Malus domestica	2022-2-VBS-LI-LE-3_16S	Malus domestica phyllosphere 16S amplicons	16s rRNA gene V5-V6  (799F - 1115R) amplicon reads	2022-07-07	Canada	Université de Sherbrooke	orchard [ENVO:00000115]	leaf [ENVO:00000115]	Orchard phyllosphere interannual sampling	organic material [ENVO:01000155]
3750	Malus domestica	2022-2-VBS-PR-LE-1_16S	Malus domestica phyllosphere 16S amplicons	16s rRNA gene V5-V6  (799F - 1115R) amplicon reads	2022-07-07	Canada	Université de Sherbrooke	orchard [ENVO:00000115]	leaf [ENVO:00000115]	Orchard phyllosphere interannual sampling	organic material [ENVO:01000155]
3750	Malus domestica	2022-2-VBS-PR-LE-2_16S	Malus domestica phyllosphere 16S amplicons	16s rRNA gene V5-V6  (799F - 1115R) amplicon reads	2022-07-07	Canada	Université de Sherbrooke	orchard [ENVO:00000115]	leaf [ENVO:00000115]	Orchard phyllosphere interannual sampling	organic material [ENVO:01000155]
3750	Malus domestica	2022-2-VBS-PR-LE-3_16S	Malus domestica phyllosphere 16S amplicons	16s rRNA gene V5-V6  (799F - 1115R) amplicon reads	2022-07-07	Canada	Université de Sherbrooke	orchard [ENVO:00000115]	leaf [ENVO:00000115]	Orchard phyllosphere interannual sampling	organic material [ENVO:01000155]
3750	Malus domestica	2023-1-ASB-CL-LE-1_16S	Malus domestica phyllosphere 16S amplicons	16s rRNA gene V5-V6  (799F - 1115R) amplicon reads	2023-05-15	Canada	Université de Sherbrooke	orchard [ENVO:00000115]	leaf [ENVO:00000115]	Orchard phyllosphere interannual sampling	organic material [ENVO:01000155]
3750	Malus domestica	2023-1-ASB-CL-LE-2_16S	Malus domestica phyllosphere 16S amplicons	16s rRNA gene V5-V6  (799F - 1115R) amplicon reads	2023-05-15	Canada	Université de Sherbrooke	orchard [ENVO:00000115]	leaf [ENVO:00000115]	Orchard phyllosphere interannual sampling	organic material [ENVO:01000155]
3750	Malus domestica	2023-1-ASB-CL-LE-3_16S	Malus domestica phyllosphere 16S amplicons	16s rRNA gene V5-V6  (799F - 1115R) amplicon reads	2023-05-15	Canada	Université de Sherbrooke	orchard [ENVO:00000115]	leaf [ENVO:00000115]	Orchard phyllosphere interannual sampling	organic material [ENVO:01000155]
3750	Malus domestica	2023-1-ASB-LI-LE-1_16S	Malus domestica phyllosphere 16S amplicons	16s rRNA gene V5-V6  (799F - 1115R) amplicon reads	2023-05-15	Canada	Université de Sherbrooke	orchard [ENVO:00000115]	leaf [ENVO:00000115]	Orchard phyllosphere interannual sampling	organic material [ENVO:01000155]
3750	Malus domestica	2023-1-ASB-LI-LE-2_16S	Malus domestica phyllosphere 16S amplicons	16s rRNA gene V5-V6  (799F - 1115R) amplicon reads	2023-05-15	Canada	Université de Sherbrooke	orchard [ENVO:00000115]	leaf [ENVO:00000115]	Orchard phyllosphere interannual sampling	organic material [ENVO:01000155]
3750	Malus domestica	2023-1-ASB-LI-LE-3_16S	Malus domestica phyllosphere 16S amplicons	16s rRNA gene V5-V6  (799F - 1115R) amplicon reads	2023-05-15	Canada	Université de Sherbrooke	orchard [ENVO:00000115]	leaf [ENVO:00000115]	Orchard phyllosphere interannual sampling	organic material [ENVO:01000155]
3750	Malus domestica	2023-1-ASB-PR-LE-1_16S	Malus domestica phyllosphere 16S amplicons	16s rRNA gene V5-V6  (799F - 1115R) amplicon reads	2023-05-15	Canada	Université de Sherbrooke	orchard [ENVO:00000115]	leaf [ENVO:00000115]	Orchard phyllosphere interannual sampling	organic material [ENVO:01000155]
3750	Malus domestica	2023-1-ASB-PR-LE-2_16S	Malus domestica phyllosphere 16S amplicons	16s rRNA gene V5-V6  (799F - 1115R) amplicon reads	2023-05-15	Canada	Université de Sherbrooke	orchard [ENVO:00000115]	leaf [ENVO:00000115]	Orchard phyllosphere interannual sampling	organic material [ENVO:01000155]
3750	Malus domestica	2023-1-ASB-PR-LE-3_16S	Malus domestica phyllosphere 16S amplicons	16s rRNA gene V5-V6  (799F - 1115R) amplicon reads	2023-05-15	Canada	Université de Sherbrooke	orchard [ENVO:00000115]	leaf [ENVO:00000115]	Orchard phyllosphere interannual sampling	organic material [ENVO:01000155]
3750	Malus domestica	2023-1-COM-HC-LE-1_16S	Malus domestica phyllosphere 16S amplicons	16s rRNA gene V5-V6  (799F - 1115R) amplicon reads	2023-05-15	Canada	Université de Sherbrooke	orchard [ENVO:00000115]	leaf [ENVO:00000115]	Orchard phyllosphere interannual sampling	organic material [ENVO:01000155]
3750	Malus domestica	2023-1-COM-HC-LE-2_16S	Malus domestica phyllosphere 16S amplicons	16s rRNA gene V5-V6  (799F - 1115R) amplicon reads	2023-05-15	Canada	Université de Sherbrooke	orchard [ENVO:00000115]	leaf [ENVO:00000115]	Orchard phyllosphere interannual sampling	organic material [ENVO:01000155]
3750	Malus domestica	2023-1-COM-HC-LE-3_16S	Malus domestica phyllosphere 16S amplicons	16s rRNA gene V5-V6  (799F - 1115R) amplicon reads	2023-05-15	Canada	Université de Sherbrooke	orchard [ENVO:00000115]	leaf [ENVO:00000115]	Orchard phyllosphere interannual sampling	organic material [ENVO:01000155]
3750	Malus domestica	2023-1-COM-SP-LE-1_16S	Malus domestica phyllosphere 16S amplicons	16s rRNA gene V5-V6  (799F - 1115R) amplicon reads	2023-05-15	Canada	Université de Sherbrooke	orchard [ENVO:00000115]	leaf [ENVO:00000115]	Orchard phyllosphere interannual sampling	organic material [ENVO:01000155]
3750	Malus domestica	2023-1-COM-SP-LE-2_16S	Malus domestica phyllosphere 16S amplicons	16s rRNA gene V5-V6  (799F - 1115R) amplicon reads	2023-05-15	Canada	Université de Sherbrooke	orchard [ENVO:00000115]	leaf [ENVO:00000115]	Orchard phyllosphere interannual sampling	organic material [ENVO:01000155]
3750	Malus domestica	2023-1-COM-SP-LE-3_16S	Malus domestica phyllosphere 16S amplicons	16s rRNA gene V5-V6  (799F - 1115R) amplicon reads	2023-05-15	Canada	Université de Sherbrooke	orchard [ENVO:00000115]	leaf [ENVO:00000115]	Orchard phyllosphere interannual sampling	organic material [ENVO:01000155]
3750	Malus domestica	2023-1-MIB-HC-LE-1_16S	Malus domestica phyllosphere 16S amplicons	16s rRNA gene V5-V6  (799F - 1115R) amplicon reads	2023-05-25	Canada	Université de Sherbrooke	orchard [ENVO:00000115]	leaf [ENVO:00000115]	Orchard phyllosphere interannual sampling	organic material [ENVO:01000155]
3750	Malus domestica	2023-1-MIB-HC-LE-2_16S	Malus domestica phyllosphere 16S amplicons	16s rRNA gene V5-V6  (799F - 1115R) amplicon reads	2023-05-25	Canada	Université de Sherbrooke	orchard [ENVO:00000115]	leaf [ENVO:00000115]	Orchard phyllosphere interannual sampling	organic material [ENVO:01000155]
3750	Malus domestica	2023-1-MIB-HC-LE-3_16S	Malus domestica phyllosphere 16S amplicons	16s rRNA gene V5-V6  (799F - 1115R) amplicon reads	2023-05-25	Canada	Université de Sherbrooke	orchard [ENVO:00000115]	leaf [ENVO:00000115]	Orchard phyllosphere interannual sampling	organic material [ENVO:01000155]
3750	Malus domestica	2023-1-MIB-SP-LE-1_16S	Malus domestica phyllosphere 16S amplicons	16s rRNA gene V5-V6  (799F - 1115R) amplicon reads	2023-05-25	Canada	Université de Sherbrooke	orchard [ENVO:00000115]	leaf [ENVO:00000115]	Orchard phyllosphere interannual sampling	organic material [ENVO:01000155]
3750	Malus domestica	2023-1-MIB-SP-LE-2_16S	Malus domestica phyllosphere 16S amplicons	16s rRNA gene V5-V6  (799F - 1115R) amplicon reads	2023-05-25	Canada	Université de Sherbrooke	orchard [ENVO:00000115]	leaf [ENVO:00000115]	Orchard phyllosphere interannual sampling	organic material [ENVO:01000155]
3750	Malus domestica	2023-1-MIB-SP-LE-3_16S	Malus domestica phyllosphere 16S amplicons	16s rRNA gene V5-V6  (799F - 1115R) amplicon reads	2023-05-25	Canada	Université de Sherbrooke	orchard [ENVO:00000115]	leaf [ENVO:00000115]	Orchard phyllosphere interannual sampling	organic material [ENVO:01000155]
3750	Malus domestica	2023-1-MIC-HC-LE-1_16S	Malus domestica phyllosphere 16S amplicons	16s rRNA gene V5-V6  (799F - 1115R) amplicon reads	2023-05-25	Canada	Université de Sherbrooke	orchard [ENVO:00000115]	leaf [ENVO:00000115]	Orchard phyllosphere interannual sampling	organic material [ENVO:01000155]
3750	Malus domestica	2023-1-MIC-HC-LE-2_16S	Malus domestica phyllosphere 16S amplicons	16s rRNA gene V5-V6  (799F - 1115R) amplicon reads	2023-05-25	Canada	Université de Sherbrooke	orchard [ENVO:00000115]	leaf [ENVO:00000115]	Orchard phyllosphere interannual sampling	organic material [ENVO:01000155]
3750	Malus domestica	2023-1-MIC-HC-LE-3_16S	Malus domestica phyllosphere 16S amplicons	16s rRNA gene V5-V6  (799F - 1115R) amplicon reads	2023-05-25	Canada	Université de Sherbrooke	orchard [ENVO:00000115]	leaf [ENVO:00000115]	Orchard phyllosphere interannual sampling	organic material [ENVO:01000155]
3750	Malus domestica	2023-1-MIC-SP-LE-1_16S	Malus domestica phyllosphere 16S amplicons	16s rRNA gene V5-V6  (799F - 1115R) amplicon reads	2023-05-25	Canada	Université de Sherbrooke	orchard [ENVO:00000115]	leaf [ENVO:00000115]	Orchard phyllosphere interannual sampling	organic material [ENVO:01000155]
3750	Malus domestica	2023-1-MIC-SP-LE-2_16S	Malus domestica phyllosphere 16S amplicons	16s rRNA gene V5-V6  (799F - 1115R) amplicon reads	2023-05-25	Canada	Université de Sherbrooke	orchard [ENVO:00000115]	leaf [ENVO:00000115]	Orchard phyllosphere interannual sampling	organic material [ENVO:01000155]
3750	Malus domestica	2023-1-MIC-SP-LE-3_16S	Malus domestica phyllosphere 16S amplicons	16s rRNA gene V5-V6  (799F - 1115R) amplicon reads	2023-05-25	Canada	Université de Sherbrooke	orchard [ENVO:00000115]	leaf [ENVO:00000115]	Orchard phyllosphere interannual sampling	organic material [ENVO:01000155]
3750	Malus domestica	2023-1-PMB-CL-LE-1_16S	Malus domestica phyllosphere 16S amplicons	16s rRNA gene V5-V6  (799F - 1115R) amplicon reads	2023-05-15	Canada	Université de Sherbrooke	orchard [ENVO:00000115]	leaf [ENVO:00000115]	Orchard phyllosphere interannual sampling	organic material [ENVO:01000155]
3750	Malus domestica	2023-1-PMB-CL-LE-2_16S	Malus domestica phyllosphere 16S amplicons	16s rRNA gene V5-V6  (799F - 1115R) amplicon reads	2023-05-15	Canada	Université de Sherbrooke	orchard [ENVO:00000115]	leaf [ENVO:00000115]	Orchard phyllosphere interannual sampling	organic material [ENVO:01000155]
3750	Malus domestica	2023-1-PMB-CL-LE-3_16S	Malus domestica phyllosphere 16S amplicons	16s rRNA gene V5-V6  (799F - 1115R) amplicon reads	2023-05-15	Canada	Université de Sherbrooke	orchard [ENVO:00000115]	leaf [ENVO:00000115]	Orchard phyllosphere interannual sampling	organic material [ENVO:01000155]
3750	Malus domestica	2023-1-PMB-HC-LE-1_16S	Malus domestica phyllosphere 16S amplicons	16s rRNA gene V5-V6  (799F - 1115R) amplicon reads	2023-05-15	Canada	Université de Sherbrooke	orchard [ENVO:00000115]	leaf [ENVO:00000115]	Orchard phyllosphere interannual sampling	organic material [ENVO:01000155]
3750	Malus domestica	2023-1-PMB-HC-LE-2_16S	Malus domestica phyllosphere 16S amplicons	16s rRNA gene V5-V6  (799F - 1115R) amplicon reads	2023-05-15	Canada	Université de Sherbrooke	orchard [ENVO:00000115]	leaf [ENVO:00000115]	Orchard phyllosphere interannual sampling	organic material [ENVO:01000155]
3750	Malus domestica	2023-1-PMB-HC-LE-3_16S	Malus domestica phyllosphere 16S amplicons	16s rRNA gene V5-V6  (799F - 1115R) amplicon reads	2023-05-15	Canada	Université de Sherbrooke	orchard [ENVO:00000115]	leaf [ENVO:00000115]	Orchard phyllosphere interannual sampling	organic material [ENVO:01000155]
3750	Malus domestica	2023-1-PMB-LI-LE-1_16S	Malus domestica phyllosphere 16S amplicons	16s rRNA gene V5-V6  (799F - 1115R) amplicon reads	2023-05-15	Canada	Université de Sherbrooke	orchard [ENVO:00000115]	leaf [ENVO:00000115]	Orchard phyllosphere interannual sampling	organic material [ENVO:01000155]
3750	Malus domestica	2023-1-PMB-LI-LE-2_16S	Malus domestica phyllosphere 16S amplicons	16s rRNA gene V5-V6  (799F - 1115R) amplicon reads	2023-05-15	Canada	Université de Sherbrooke	orchard [ENVO:00000115]	leaf [ENVO:00000115]	Orchard phyllosphere interannual sampling	organic material [ENVO:01000155]
3750	Malus domestica	2023-1-PMB-LI-LE-3_16S	Malus domestica phyllosphere 16S amplicons	16s rRNA gene V5-V6  (799F - 1115R) amplicon reads	2023-05-15	Canada	Université de Sherbrooke	orchard [ENVO:00000115]	leaf [ENVO:00000115]	Orchard phyllosphere interannual sampling	organic material [ENVO:01000155]
3750	Malus domestica	2023-1-PMB-PR-LE-3_16S	Malus domestica phyllosphere 16S amplicons	16s rRNA gene V5-V6  (799F - 1115R) amplicon reads	2023-05-15	Canada	Université de Sherbrooke	orchard [ENVO:00000115]	leaf [ENVO:00000115]	Orchard phyllosphere interannual sampling	organic material [ENVO:01000155]
3750	Malus domestica	2023-1-PMB-SP-LE-1_16S	Malus domestica phyllosphere 16S amplicons	16s rRNA gene V5-V6  (799F - 1115R) amplicon reads	2023-05-15	Canada	Université de Sherbrooke	orchard [ENVO:00000115]	leaf [ENVO:00000115]	Orchard phyllosphere interannual sampling	organic material [ENVO:01000155]
3750	Malus domestica	2023-1-PMB-SP-LE-2_16S	Malus domestica phyllosphere 16S amplicons	16s rRNA gene V5-V6  (799F - 1115R) amplicon reads	2023-05-15	Canada	Université de Sherbrooke	orchard [ENVO:00000115]	leaf [ENVO:00000115]	Orchard phyllosphere interannual sampling	organic material [ENVO:01000155]
3750	Malus domestica	2023-1-PMB-SP-LE-3_16S	Malus domestica phyllosphere 16S amplicons	16s rRNA gene V5-V6  (799F - 1115R) amplicon reads	2023-05-15	Canada	Université de Sherbrooke	orchard [ENVO:00000115]	leaf [ENVO:00000115]	Orchard phyllosphere interannual sampling	organic material [ENVO:01000155]
3750	Malus domestica	2023-1-PMP-PR-LE-1_16S	Malus domestica phyllosphere 16S amplicons	16s rRNA gene V5-V6  (799F - 1115R) amplicon reads	2023-05-15	Canada	Université de Sherbrooke	orchard [ENVO:00000115]	leaf [ENVO:00000115]	Orchard phyllosphere interannual sampling	organic material [ENVO:01000155]
3750	Malus domestica	2023-1-PMP-PR-LE-2_16S	Malus domestica phyllosphere 16S amplicons	16s rRNA gene V5-V6  (799F - 1115R) amplicon reads	2023-05-15	Canada	Université de Sherbrooke	orchard [ENVO:00000115]	leaf [ENVO:00000115]	Orchard phyllosphere interannual sampling	organic material [ENVO:01000155]
3750	Malus domestica	2023-1-VBS-CL-LE-1_16S	Malus domestica phyllosphere 16S amplicons	16s rRNA gene V5-V6  (799F - 1115R) amplicon reads	2023-05-23	Canada	Université de Sherbrooke	orchard [ENVO:00000115]	leaf [ENVO:00000115]	Orchard phyllosphere interannual sampling	organic material [ENVO:01000155]
3750	Malus domestica	2023-1-VBS-CL-LE-2_16S	Malus domestica phyllosphere 16S amplicons	16s rRNA gene V5-V6  (799F - 1115R) amplicon reads	2023-05-23	Canada	Université de Sherbrooke	orchard [ENVO:00000115]	leaf [ENVO:00000115]	Orchard phyllosphere interannual sampling	organic material [ENVO:01000155]
3750	Malus domestica	2023-1-VBS-CL-LE-3_16S	Malus domestica phyllosphere 16S amplicons	16s rRNA gene V5-V6  (799F - 1115R) amplicon reads	2023-05-23	Canada	Université de Sherbrooke	orchard [ENVO:00000115]	leaf [ENVO:00000115]	Orchard phyllosphere interannual sampling	organic material [ENVO:01000155]
3750	Malus domestica	2023-1-VBS-LI-LE-1_16S	Malus domestica phyllosphere 16S amplicons	16s rRNA gene V5-V6  (799F - 1115R) amplicon reads	2023-05-23	Canada	Université de Sherbrooke	orchard [ENVO:00000115]	leaf [ENVO:00000115]	Orchard phyllosphere interannual sampling	organic material [ENVO:01000155]
3750	Malus domestica	2023-1-VBS-LI-LE-2_16S	Malus domestica phyllosphere 16S amplicons	16s rRNA gene V5-V6  (799F - 1115R) amplicon reads	2023-05-23	Canada	Université de Sherbrooke	orchard [ENVO:00000115]	leaf [ENVO:00000115]	Orchard phyllosphere interannual sampling	organic material [ENVO:01000155]
3750	Malus domestica	2023-1-VBS-LI-LE-3_16S	Malus domestica phyllosphere 16S amplicons	16s rRNA gene V5-V6  (799F - 1115R) amplicon reads	2023-05-23	Canada	Université de Sherbrooke	orchard [ENVO:00000115]	leaf [ENVO:00000115]	Orchard phyllosphere interannual sampling	organic material [ENVO:01000155]
3750	Malus domestica	2023-1-VBS-PR-LE-1_16S	Malus domestica phyllosphere 16S amplicons	16s rRNA gene V5-V6  (799F - 1115R) amplicon reads	2023-05-23	Canada	Université de Sherbrooke	orchard [ENVO:00000115]	leaf [ENVO:00000115]	Orchard phyllosphere interannual sampling	organic material [ENVO:01000155]
3750	Malus domestica	2023-1-VBS-PR-LE-2_16S	Malus domestica phyllosphere 16S amplicons	16s rRNA gene V5-V6  (799F - 1115R) amplicon reads	2023-05-23	Canada	Université de Sherbrooke	orchard [ENVO:00000115]	leaf [ENVO:00000115]	Orchard phyllosphere interannual sampling	organic material [ENVO:01000155]
3750	Malus domestica	2023-1-VBS-PR-LE-3_16S	Malus domestica phyllosphere 16S amplicons	16s rRNA gene V5-V6  (799F - 1115R) amplicon reads	2023-05-23	Canada	Université de Sherbrooke	orchard [ENVO:00000115]	leaf [ENVO:00000115]	Orchard phyllosphere interannual sampling	organic material [ENVO:01000155]
3750	Malus domestica	2023-2-ASB-CL-LE-1_16S	Malus domestica phyllosphere 16S amplicons	16s rRNA gene V5-V6  (799F - 1115R) amplicon reads	2023-07-19	Canada	Université de Sherbrooke	orchard [ENVO:00000115]	leaf [ENVO:00000115]	Orchard phyllosphere interannual sampling	organic material [ENVO:01000155]
3750	Malus domestica	2023-2-ASB-CL-LE-2_16S	Malus domestica phyllosphere 16S amplicons	16s rRNA gene V5-V6  (799F - 1115R) amplicon reads	2023-07-19	Canada	Université de Sherbrooke	orchard [ENVO:00000115]	leaf [ENVO:00000115]	Orchard phyllosphere interannual sampling	organic material [ENVO:01000155]
3750	Malus domestica	2023-2-ASB-CL-LE-3_16S	Malus domestica phyllosphere 16S amplicons	16s rRNA gene V5-V6  (799F - 1115R) amplicon reads	2023-07-19	Canada	Université de Sherbrooke	orchard [ENVO:00000115]	leaf [ENVO:00000115]	Orchard phyllosphere interannual sampling	organic material [ENVO:01000155]
3750	Malus domestica	2023-2-ASB-LI-LE-1_16S	Malus domestica phyllosphere 16S amplicons	16s rRNA gene V5-V6  (799F - 1115R) amplicon reads	2023-07-19	Canada	Université de Sherbrooke	orchard [ENVO:00000115]	leaf [ENVO:00000115]	Orchard phyllosphere interannual sampling	organic material [ENVO:01000155]
3750	Malus domestica	2023-2-ASB-LI-LE-2_16S	Malus domestica phyllosphere 16S amplicons	16s rRNA gene V5-V6  (799F - 1115R) amplicon reads	2023-07-19	Canada	Université de Sherbrooke	orchard [ENVO:00000115]	leaf [ENVO:00000115]	Orchard phyllosphere interannual sampling	organic material [ENVO:01000155]
3750	Malus domestica	2023-2-ASB-LI-LE-3_16S	Malus domestica phyllosphere 16S amplicons	16s rRNA gene V5-V6  (799F - 1115R) amplicon reads	2023-07-19	Canada	Université de Sherbrooke	orchard [ENVO:00000115]	leaf [ENVO:00000115]	Orchard phyllosphere interannual sampling	organic material [ENVO:01000155]
3750	Malus domestica	2023-2-ASB-PR-LE-1_16S	Malus domestica phyllosphere 16S amplicons	16s rRNA gene V5-V6  (799F - 1115R) amplicon reads	2023-07-19	Canada	Université de Sherbrooke	orchard [ENVO:00000115]	leaf [ENVO:00000115]	Orchard phyllosphere interannual sampling	organic material [ENVO:01000155]
3750	Malus domestica	2023-2-ASB-PR-LE-2_16S	Malus domestica phyllosphere 16S amplicons	16s rRNA gene V5-V6  (799F - 1115R) amplicon reads	2023-07-19	Canada	Université de Sherbrooke	orchard [ENVO:00000115]	leaf [ENVO:00000115]	Orchard phyllosphere interannual sampling	organic material [ENVO:01000155]
3750	Malus domestica	2023-2-ASB-PR-LE-3_16S	Malus domestica phyllosphere 16S amplicons	16s rRNA gene V5-V6  (799F - 1115R) amplicon reads	2023-07-19	Canada	Université de Sherbrooke	orchard [ENVO:00000115]	leaf [ENVO:00000115]	Orchard phyllosphere interannual sampling	organic material [ENVO:01000155]
3750	Malus domestica	2023-2-COM-HC-LE-1_16S	Malus domestica phyllosphere 16S amplicons	16s rRNA gene V5-V6  (799F - 1115R) amplicon reads	2023-07-17	Canada	Université de Sherbrooke	orchard [ENVO:00000115]	leaf [ENVO:00000115]	Orchard phyllosphere interannual sampling	organic material [ENVO:01000155]
3750	Malus domestica	2023-2-COM-HC-LE-2_16S	Malus domestica phyllosphere 16S amplicons	16s rRNA gene V5-V6  (799F - 1115R) amplicon reads	2023-07-17	Canada	Université de Sherbrooke	orchard [ENVO:00000115]	leaf [ENVO:00000115]	Orchard phyllosphere interannual sampling	organic material [ENVO:01000155]
3750	Malus domestica	2023-2-COM-HC-LE-3_16S	Malus domestica phyllosphere 16S amplicons	16s rRNA gene V5-V6  (799F - 1115R) amplicon reads	2023-07-17	Canada	Université de Sherbrooke	orchard [ENVO:00000115]	leaf [ENVO:00000115]	Orchard phyllosphere interannual sampling	organic material [ENVO:01000155]
3750	Malus domestica	2023-2-COM-SP-LE-1_16S	Malus domestica phyllosphere 16S amplicons	16s rRNA gene V5-V6  (799F - 1115R) amplicon reads	2023-07-17	Canada	Université de Sherbrooke	orchard [ENVO:00000115]	leaf [ENVO:00000115]	Orchard phyllosphere interannual sampling	organic material [ENVO:01000155]
3750	Malus domestica	2023-2-COM-SP-LE-2_16S	Malus domestica phyllosphere 16S amplicons	16s rRNA gene V5-V6  (799F - 1115R) amplicon reads	2023-07-17	Canada	Université de Sherbrooke	orchard [ENVO:00000115]	leaf [ENVO:00000115]	Orchard phyllosphere interannual sampling	organic material [ENVO:01000155]
3750	Malus domestica	2023-2-COM-SP-LE-3_16S	Malus domestica phyllosphere 16S amplicons	16s rRNA gene V5-V6  (799F - 1115R) amplicon reads	2023-07-17	Canada	Université de Sherbrooke	orchard [ENVO:00000115]	leaf [ENVO:00000115]	Orchard phyllosphere interannual sampling	organic material [ENVO:01000155]
3750	Malus domestica	2023-2-MIB-HC-LE-1_16S	Malus domestica phyllosphere 16S amplicons	16s rRNA gene V5-V6  (799F - 1115R) amplicon reads	2023-07-21	Canada	Université de Sherbrooke	orchard [ENVO:00000115]	leaf [ENVO:00000115]	Orchard phyllosphere interannual sampling	organic material [ENVO:01000155]
3750	Malus domestica	2023-2-MIB-HC-LE-2_16S	Malus domestica phyllosphere 16S amplicons	16s rRNA gene V5-V6  (799F - 1115R) amplicon reads	2023-07-21	Canada	Université de Sherbrooke	orchard [ENVO:00000115]	leaf [ENVO:00000115]	Orchard phyllosphere interannual sampling	organic material [ENVO:01000155]
3750	Malus domestica	2023-2-MIB-HC-LE-3_16S	Malus domestica phyllosphere 16S amplicons	16s rRNA gene V5-V6  (799F - 1115R) amplicon reads	2023-07-21	Canada	Université de Sherbrooke	orchard [ENVO:00000115]	leaf [ENVO:00000115]	Orchard phyllosphere interannual sampling	organic material [ENVO:01000155]
3750	Malus domestica	2023-2-MIB-SP-LE-1_16S	Malus domestica phyllosphere 16S amplicons	16s rRNA gene V5-V6  (799F - 1115R) amplicon reads	2023-07-21	Canada	Université de Sherbrooke	orchard [ENVO:00000115]	leaf [ENVO:00000115]	Orchard phyllosphere interannual sampling	organic material [ENVO:01000155]
3750	Malus domestica	2023-2-MIB-SP-LE-2_16S	Malus domestica phyllosphere 16S amplicons	16s rRNA gene V5-V6  (799F - 1115R) amplicon reads	2023-07-21	Canada	Université de Sherbrooke	orchard [ENVO:00000115]	leaf [ENVO:00000115]	Orchard phyllosphere interannual sampling	organic material [ENVO:01000155]
3750	Malus domestica	2023-2-MIB-SP-LE-3_16S	Malus domestica phyllosphere 16S amplicons	16s rRNA gene V5-V6  (799F - 1115R) amplicon reads	2023-07-21	Canada	Université de Sherbrooke	orchard [ENVO:00000115]	leaf [ENVO:00000115]	Orchard phyllosphere interannual sampling	organic material [ENVO:01000155]
3750	Malus domestica	2023-2-MIC-HC-LE-1_16S	Malus domestica phyllosphere 16S amplicons	16s rRNA gene V5-V6  (799F - 1115R) amplicon reads	2023-07-21	Canada	Université de Sherbrooke	orchard [ENVO:00000115]	leaf [ENVO:00000115]	Orchard phyllosphere interannual sampling	organic material [ENVO:01000155]
3750	Malus domestica	2023-2-MIC-HC-LE-2_16S	Malus domestica phyllosphere 16S amplicons	16s rRNA gene V5-V6  (799F - 1115R) amplicon reads	2023-07-21	Canada	Université de Sherbrooke	orchard [ENVO:00000115]	leaf [ENVO:00000115]	Orchard phyllosphere interannual sampling	organic material [ENVO:01000155]
3750	Malus domestica	2023-2-MIC-HC-LE-3_16S	Malus domestica phyllosphere 16S amplicons	16s rRNA gene V5-V6  (799F - 1115R) amplicon reads	2023-07-21	Canada	Université de Sherbrooke	orchard [ENVO:00000115]	leaf [ENVO:00000115]	Orchard phyllosphere interannual sampling	organic material [ENVO:01000155]
3750	Malus domestica	2023-2-MIC-SP-LE-1_16S	Malus domestica phyllosphere 16S amplicons	16s rRNA gene V5-V6  (799F - 1115R) amplicon reads	2023-07-21	Canada	Université de Sherbrooke	orchard [ENVO:00000115]	leaf [ENVO:00000115]	Orchard phyllosphere interannual sampling	organic material [ENVO:01000155]
3750	Malus domestica	2023-2-MIC-SP-LE-2_16S	Malus domestica phyllosphere 16S amplicons	16s rRNA gene V5-V6  (799F - 1115R) amplicon reads	2023-07-21	Canada	Université de Sherbrooke	orchard [ENVO:00000115]	leaf [ENVO:00000115]	Orchard phyllosphere interannual sampling	organic material [ENVO:01000155]
3750	Malus domestica	2023-2-MIC-SP-LE-3_16S	Malus domestica phyllosphere 16S amplicons	16s rRNA gene V5-V6  (799F - 1115R) amplicon reads	2023-07-21	Canada	Université de Sherbrooke	orchard [ENVO:00000115]	leaf [ENVO:00000115]	Orchard phyllosphere interannual sampling	organic material [ENVO:01000155]
3750	Malus domestica	2023-2-PMB-CL-LE-1_16S	Malus domestica phyllosphere 16S amplicons	16s rRNA gene V5-V6  (799F - 1115R) amplicon reads	2023-07-17	Canada	Université de Sherbrooke	orchard [ENVO:00000115]	leaf [ENVO:00000115]	Orchard phyllosphere interannual sampling	organic material [ENVO:01000155]
3750	Malus domestica	2023-2-PMB-CL-LE-2_16S	Malus domestica phyllosphere 16S amplicons	16s rRNA gene V5-V6  (799F - 1115R) amplicon reads	2023-07-17	Canada	Université de Sherbrooke	orchard [ENVO:00000115]	leaf [ENVO:00000115]	Orchard phyllosphere interannual sampling	organic material [ENVO:01000155]
3750	Malus domestica	2023-2-PMB-CL-LE-3_16S	Malus domestica phyllosphere 16S amplicons	16s rRNA gene V5-V6  (799F - 1115R) amplicon reads	2023-07-17	Canada	Université de Sherbrooke	orchard [ENVO:00000115]	leaf [ENVO:00000115]	Orchard phyllosphere interannual sampling	organic material [ENVO:01000155]
3750	Malus domestica	2023-2-PMB-HC-LE-1_16S	Malus domestica phyllosphere 16S amplicons	16s rRNA gene V5-V6  (799F - 1115R) amplicon reads	2023-07-17	Canada	Université de Sherbrooke	orchard [ENVO:00000115]	leaf [ENVO:00000115]	Orchard phyllosphere interannual sampling	organic material [ENVO:01000155]
3750	Malus domestica	2023-2-PMB-HC-LE-2_16S	Malus domestica phyllosphere 16S amplicons	16s rRNA gene V5-V6  (799F - 1115R) amplicon reads	2023-07-17	Canada	Université de Sherbrooke	orchard [ENVO:00000115]	leaf [ENVO:00000115]	Orchard phyllosphere interannual sampling	organic material [ENVO:01000155]
3750	Malus domestica	2023-2-PMB-HC-LE-3_16S	Malus domestica phyllosphere 16S amplicons	16s rRNA gene V5-V6  (799F - 1115R) amplicon reads	2023-07-17	Canada	Université de Sherbrooke	orchard [ENVO:00000115]	leaf [ENVO:00000115]	Orchard phyllosphere interannual sampling	organic material [ENVO:01000155]
3750	Malus domestica	2023-2-PMB-LI-LE-1_16S	Malus domestica phyllosphere 16S amplicons	16s rRNA gene V5-V6  (799F - 1115R) amplicon reads	2023-07-17	Canada	Université de Sherbrooke	orchard [ENVO:00000115]	leaf [ENVO:00000115]	Orchard phyllosphere interannual sampling	organic material [ENVO:01000155]
3750	Malus domestica	2023-2-PMB-LI-LE-2_16S	Malus domestica phyllosphere 16S amplicons	16s rRNA gene V5-V6  (799F - 1115R) amplicon reads	2023-07-17	Canada	Université de Sherbrooke	orchard [ENVO:00000115]	leaf [ENVO:00000115]	Orchard phyllosphere interannual sampling	organic material [ENVO:01000155]
3750	Malus domestica	2023-2-PMB-LI-LE-3_16S	Malus domestica phyllosphere 16S amplicons	16s rRNA gene V5-V6  (799F - 1115R) amplicon reads	2023-07-17	Canada	Université de Sherbrooke	orchard [ENVO:00000115]	leaf [ENVO:00000115]	Orchard phyllosphere interannual sampling	organic material [ENVO:01000155]
3750	Malus domestica	2023-2-PMB-PR-LE-1_16S	Malus domestica phyllosphere 16S amplicons	16s rRNA gene V5-V6  (799F - 1115R) amplicon reads	2023-07-17	Canada	Université de Sherbrooke	orchard [ENVO:00000115]	leaf [ENVO:00000115]	Orchard phyllosphere interannual sampling	organic material [ENVO:01000155]
3750	Malus domestica	2023-2-PMB-PR-LE-2_16S	Malus domestica phyllosphere 16S amplicons	16s rRNA gene V5-V6  (799F - 1115R) amplicon reads	2023-07-17	Canada	Université de Sherbrooke	orchard [ENVO:00000115]	leaf [ENVO:00000115]	Orchard phyllosphere interannual sampling	organic material [ENVO:01000155]
3750	Malus domestica	2023-2-PMB-PR-LE-3_16S	Malus domestica phyllosphere 16S amplicons	16s rRNA gene V5-V6  (799F - 1115R) amplicon reads	2023-07-17	Canada	Université de Sherbrooke	orchard [ENVO:00000115]	leaf [ENVO:00000115]	Orchard phyllosphere interannual sampling	organic material [ENVO:01000155]
3750	Malus domestica	2023-2-PMB-SP-LE-1_16S	Malus domestica phyllosphere 16S amplicons	16s rRNA gene V5-V6  (799F - 1115R) amplicon reads	2023-07-17	Canada	Université de Sherbrooke	orchard [ENVO:00000115]	leaf [ENVO:00000115]	Orchard phyllosphere interannual sampling	organic material [ENVO:01000155]
3750	Malus domestica	2023-2-PMB-SP-LE-2_16S	Malus domestica phyllosphere 16S amplicons	16s rRNA gene V5-V6  (799F - 1115R) amplicon reads	2023-07-17	Canada	Université de Sherbrooke	orchard [ENVO:00000115]	leaf [ENVO:00000115]	Orchard phyllosphere interannual sampling	organic material [ENVO:01000155]
3750	Malus domestica	2023-2-PMB-SP-LE-3_16S	Malus domestica phyllosphere 16S amplicons	16s rRNA gene V5-V6  (799F - 1115R) amplicon reads	2023-07-17	Canada	Université de Sherbrooke	orchard [ENVO:00000115]	leaf [ENVO:00000115]	Orchard phyllosphere interannual sampling	organic material [ENVO:01000155]
3750	Malus domestica	2023-2-VBS-CL-LE-1_16S	Malus domestica phyllosphere 16S amplicons	16s rRNA gene V5-V6  (799F - 1115R) amplicon reads	2023-07-19	Canada	Université de Sherbrooke	orchard [ENVO:00000115]	leaf [ENVO:00000115]	Orchard phyllosphere interannual sampling	organic material [ENVO:01000155]
3750	Malus domestica	2023-2-VBS-CL-LE-2_16S	Malus domestica phyllosphere 16S amplicons	16s rRNA gene V5-V6  (799F - 1115R) amplicon reads	2023-07-19	Canada	Université de Sherbrooke	orchard [ENVO:00000115]	leaf [ENVO:00000115]	Orchard phyllosphere interannual sampling	organic material [ENVO:01000155]
3750	Malus domestica	2023-2-VBS-CL-LE-3_16S	Malus domestica phyllosphere 16S amplicons	16s rRNA gene V5-V6  (799F - 1115R) amplicon reads	2023-07-19	Canada	Université de Sherbrooke	orchard [ENVO:00000115]	leaf [ENVO:00000115]	Orchard phyllosphere interannual sampling	organic material [ENVO:01000155]
3750	Malus domestica	2023-2-VBS-LI-LE-1_16S	Malus domestica phyllosphere 16S amplicons	16s rRNA gene V5-V6  (799F - 1115R) amplicon reads	2023-07-19	Canada	Université de Sherbrooke	orchard [ENVO:00000115]	leaf [ENVO:00000115]	Orchard phyllosphere interannual sampling	organic material [ENVO:01000155]
3750	Malus domestica	2023-2-VBS-LI-LE-2_16S	Malus domestica phyllosphere 16S amplicons	16s rRNA gene V5-V6  (799F - 1115R) amplicon reads	2023-07-19	Canada	Université de Sherbrooke	orchard [ENVO:00000115]	leaf [ENVO:00000115]	Orchard phyllosphere interannual sampling	organic material [ENVO:01000155]
3750	Malus domestica	2023-2-VBS-LI-LE-3_16S	Malus domestica phyllosphere 16S amplicons	16s rRNA gene V5-V6  (799F - 1115R) amplicon reads	2023-07-19	Canada	Université de Sherbrooke	orchard [ENVO:00000115]	leaf [ENVO:00000115]	Orchard phyllosphere interannual sampling	organic material [ENVO:01000155]
3750	Malus domestica	2023-2-VBS-PR-LE-1_16S	Malus domestica phyllosphere 16S amplicons	16s rRNA gene V5-V6  (799F - 1115R) amplicon reads	2023-07-19	Canada	Université de Sherbrooke	orchard [ENVO:00000115]	leaf [ENVO:00000115]	Orchard phyllosphere interannual sampling	organic material [ENVO:01000155]
3750	Malus domestica	2023-2-VBS-PR-LE-2_16S	Malus domestica phyllosphere 16S amplicons	16s rRNA gene V5-V6  (799F - 1115R) amplicon reads	2023-07-19	Canada	Université de Sherbrooke	orchard [ENVO:00000115]	leaf [ENVO:00000115]	Orchard phyllosphere interannual sampling	organic material [ENVO:01000155]
3750	Malus domestica	2023-2-VBS-PR-LE-3_16S	Malus domestica phyllosphere 16S amplicons	16s rRNA gene V5-V6  (799F - 1115R) amplicon reads	2023-07-19	Canada	Université de Sherbrooke	orchard [ENVO:00000115]	leaf [ENVO:00000115]	Orchard phyllosphere interannual sampling	organic material [ENVO:01000155]
3750	Malus domestica	2024-1-ASB-CL-LE-1_16S	Malus domestica phyllosphere 16S amplicons	16s rRNA gene V5-V6  (799F - 1115R) amplicon reads	2024-05-21	Canada	Université de Sherbrooke	orchard [ENVO:00000115]	leaf [ENVO:00000115]	Orchard phyllosphere interannual sampling	organic material [ENVO:01000155]
3750	Malus domestica	2024-1-ASB-CL-LE-2_16S	Malus domestica phyllosphere 16S amplicons	16s rRNA gene V5-V6  (799F - 1115R) amplicon reads	2024-05-21	Canada	Université de Sherbrooke	orchard [ENVO:00000115]	leaf [ENVO:00000115]	Orchard phyllosphere interannual sampling	organic material [ENVO:01000155]
3750	Malus domestica	2024-1-ASB-CL-LE-3_16S	Malus domestica phyllosphere 16S amplicons	16s rRNA gene V5-V6  (799F - 1115R) amplicon reads	2024-05-21	Canada	Université de Sherbrooke	orchard [ENVO:00000115]	leaf [ENVO:00000115]	Orchard phyllosphere interannual sampling	organic material [ENVO:01000155]
3750	Malus domestica	2024-1-ASB-LI-LE-1_16S	Malus domestica phyllosphere 16S amplicons	16s rRNA gene V5-V6  (799F - 1115R) amplicon reads	2024-05-21	Canada	Université de Sherbrooke	orchard [ENVO:00000115]	leaf [ENVO:00000115]	Orchard phyllosphere interannual sampling	organic material [ENVO:01000155]
3750	Malus domestica	2024-1-ASB-LI-LE-2_16S	Malus domestica phyllosphere 16S amplicons	16s rRNA gene V5-V6  (799F - 1115R) amplicon reads	2024-05-21	Canada	Université de Sherbrooke	orchard [ENVO:00000115]	leaf [ENVO:00000115]	Orchard phyllosphere interannual sampling	organic material [ENVO:01000155]
3750	Malus domestica	2024-1-ASB-LI-LE-3_16S	Malus domestica phyllosphere 16S amplicons	16s rRNA gene V5-V6  (799F - 1115R) amplicon reads	2024-05-21	Canada	Université de Sherbrooke	orchard [ENVO:00000115]	leaf [ENVO:00000115]	Orchard phyllosphere interannual sampling	organic material [ENVO:01000155]
3750	Malus domestica	2024-1-ASB-PR-LE-1_16S	Malus domestica phyllosphere 16S amplicons	16s rRNA gene V5-V6  (799F - 1115R) amplicon reads	2024-05-21	Canada	Université de Sherbrooke	orchard [ENVO:00000115]	leaf [ENVO:00000115]	Orchard phyllosphere interannual sampling	organic material [ENVO:01000155]
3750	Malus domestica	2024-1-ASB-PR-LE-2_16S	Malus domestica phyllosphere 16S amplicons	16s rRNA gene V5-V6  (799F - 1115R) amplicon reads	2024-05-21	Canada	Université de Sherbrooke	orchard [ENVO:00000115]	leaf [ENVO:00000115]	Orchard phyllosphere interannual sampling	organic material [ENVO:01000155]
3750	Malus domestica	2024-1-ASB-PR-LE-3_16S	Malus domestica phyllosphere 16S amplicons	16s rRNA gene V5-V6  (799F - 1115R) amplicon reads	2024-05-21	Canada	Université de Sherbrooke	orchard [ENVO:00000115]	leaf [ENVO:00000115]	Orchard phyllosphere interannual sampling	organic material [ENVO:01000155]
3750	Malus domestica	2024-1-COM-HC-LE-1_16S	Malus domestica phyllosphere 16S amplicons	16s rRNA gene V5-V6  (799F - 1115R) amplicon reads	2024-05-22	Canada	Université de Sherbrooke	orchard [ENVO:00000115]	leaf [ENVO:00000115]	Orchard phyllosphere interannual sampling	organic material [ENVO:01000155]
3750	Malus domestica	2024-1-COM-HC-LE-2_16S	Malus domestica phyllosphere 16S amplicons	16s rRNA gene V5-V6  (799F - 1115R) amplicon reads	2024-05-22	Canada	Université de Sherbrooke	orchard [ENVO:00000115]	leaf [ENVO:00000115]	Orchard phyllosphere interannual sampling	organic material [ENVO:01000155]
3750	Malus domestica	2024-1-COM-HC-LE-3_16S	Malus domestica phyllosphere 16S amplicons	16s rRNA gene V5-V6  (799F - 1115R) amplicon reads	2024-05-22	Canada	Université de Sherbrooke	orchard [ENVO:00000115]	leaf [ENVO:00000115]	Orchard phyllosphere interannual sampling	organic material [ENVO:01000155]
3750	Malus domestica	2024-1-COM-SP-LE-1_16S	Malus domestica phyllosphere 16S amplicons	16s rRNA gene V5-V6  (799F - 1115R) amplicon reads	2024-05-22	Canada	Université de Sherbrooke	orchard [ENVO:00000115]	leaf [ENVO:00000115]	Orchard phyllosphere interannual sampling	organic material [ENVO:01000155]
3750	Malus domestica	2024-1-COM-SP-LE-2_16S	Malus domestica phyllosphere 16S amplicons	16s rRNA gene V5-V6  (799F - 1115R) amplicon reads	2024-05-22	Canada	Université de Sherbrooke	orchard [ENVO:00000115]	leaf [ENVO:00000115]	Orchard phyllosphere interannual sampling	organic material [ENVO:01000155]
3750	Malus domestica	2024-1-COM-SP-LE-3_16S	Malus domestica phyllosphere 16S amplicons	16s rRNA gene V5-V6  (799F - 1115R) amplicon reads	2024-05-22	Canada	Université de Sherbrooke	orchard [ENVO:00000115]	leaf [ENVO:00000115]	Orchard phyllosphere interannual sampling	organic material [ENVO:01000155]
3750	Malus domestica	2024-1-MIB-HC-LE-1_16S	Malus domestica phyllosphere 16S amplicons	16s rRNA gene V5-V6  (799F - 1115R) amplicon reads	2024-05-23	Canada	Université de Sherbrooke	orchard [ENVO:00000115]	leaf [ENVO:00000115]	Orchard phyllosphere interannual sampling	organic material [ENVO:01000155]
3750	Malus domestica	2024-1-MIB-HC-LE-2_16S	Malus domestica phyllosphere 16S amplicons	16s rRNA gene V5-V6  (799F - 1115R) amplicon reads	2024-05-23	Canada	Université de Sherbrooke	orchard [ENVO:00000115]	leaf [ENVO:00000115]	Orchard phyllosphere interannual sampling	organic material [ENVO:01000155]
3750	Malus domestica	2024-1-MIB-HC-LE-3_16S	Malus domestica phyllosphere 16S amplicons	16s rRNA gene V5-V6  (799F - 1115R) amplicon reads	2024-05-23	Canada	Université de Sherbrooke	orchard [ENVO:00000115]	leaf [ENVO:00000115]	Orchard phyllosphere interannual sampling	organic material [ENVO:01000155]
3750	Malus domestica	2024-1-MIB-SP-LE-1_16S	Malus domestica phyllosphere 16S amplicons	16s rRNA gene V5-V6  (799F - 1115R) amplicon reads	2024-05-23	Canada	Université de Sherbrooke	orchard [ENVO:00000115]	leaf [ENVO:00000115]	Orchard phyllosphere interannual sampling	organic material [ENVO:01000155]
3750	Malus domestica	2024-1-MIB-SP-LE-2_16S	Malus domestica phyllosphere 16S amplicons	16s rRNA gene V5-V6  (799F - 1115R) amplicon reads	2024-05-23	Canada	Université de Sherbrooke	orchard [ENVO:00000115]	leaf [ENVO:00000115]	Orchard phyllosphere interannual sampling	organic material [ENVO:01000155]
3750	Malus domestica	2024-1-MIB-SP-LE-3_16S	Malus domestica phyllosphere 16S amplicons	16s rRNA gene V5-V6  (799F - 1115R) amplicon reads	2024-05-23	Canada	Université de Sherbrooke	orchard [ENVO:00000115]	leaf [ENVO:00000115]	Orchard phyllosphere interannual sampling	organic material [ENVO:01000155]
3750	Malus domestica	2024-1-MIC-HC-LE-1_16S	Malus domestica phyllosphere 16S amplicons	16s rRNA gene V5-V6  (799F - 1115R) amplicon reads	2024-05-23	Canada	Université de Sherbrooke	orchard [ENVO:00000115]	leaf [ENVO:00000115]	Orchard phyllosphere interannual sampling	organic material [ENVO:01000155]
3750	Malus domestica	2024-1-MIC-HC-LE-2_16S	Malus domestica phyllosphere 16S amplicons	16s rRNA gene V5-V6  (799F - 1115R) amplicon reads	2024-05-23	Canada	Université de Sherbrooke	orchard [ENVO:00000115]	leaf [ENVO:00000115]	Orchard phyllosphere interannual sampling	organic material [ENVO:01000155]
3750	Malus domestica	2024-1-MIC-HC-LE-3_16S	Malus domestica phyllosphere 16S amplicons	16s rRNA gene V5-V6  (799F - 1115R) amplicon reads	2024-05-23	Canada	Université de Sherbrooke	orchard [ENVO:00000115]	leaf [ENVO:00000115]	Orchard phyllosphere interannual sampling	organic material [ENVO:01000155]
3750	Malus domestica	2024-1-MIC-SP-LE-1_16S	Malus domestica phyllosphere 16S amplicons	16s rRNA gene V5-V6  (799F - 1115R) amplicon reads	2024-05-23	Canada	Université de Sherbrooke	orchard [ENVO:00000115]	leaf [ENVO:00000115]	Orchard phyllosphere interannual sampling	organic material [ENVO:01000155]
3750	Malus domestica	2024-1-MIC-SP-LE-2_16S	Malus domestica phyllosphere 16S amplicons	16s rRNA gene V5-V6  (799F - 1115R) amplicon reads	2024-05-23	Canada	Université de Sherbrooke	orchard [ENVO:00000115]	leaf [ENVO:00000115]	Orchard phyllosphere interannual sampling	organic material [ENVO:01000155]
3750	Malus domestica	2024-1-MIC-SP-LE-3_16S	Malus domestica phyllosphere 16S amplicons	16s rRNA gene V5-V6  (799F - 1115R) amplicon reads	2024-05-23	Canada	Université de Sherbrooke	orchard [ENVO:00000115]	leaf [ENVO:00000115]	Orchard phyllosphere interannual sampling	organic material [ENVO:01000155]
3750	Malus domestica	2024-1-PMB-CL-LE-1_16S	Malus domestica phyllosphere 16S amplicons	16s rRNA gene V5-V6  (799F - 1115R) amplicon reads	2024-05-22	Canada	Université de Sherbrooke	orchard [ENVO:00000115]	leaf [ENVO:00000115]	Orchard phyllosphere interannual sampling	organic material [ENVO:01000155]
3750	Malus domestica	2024-1-PMB-CL-LE-2_16S	Malus domestica phyllosphere 16S amplicons	16s rRNA gene V5-V6  (799F - 1115R) amplicon reads	2024-05-22	Canada	Université de Sherbrooke	orchard [ENVO:00000115]	leaf [ENVO:00000115]	Orchard phyllosphere interannual sampling	organic material [ENVO:01000155]
3750	Malus domestica	2024-1-PMB-CL-LE-3_16S	Malus domestica phyllosphere 16S amplicons	16s rRNA gene V5-V6  (799F - 1115R) amplicon reads	2024-05-22	Canada	Université de Sherbrooke	orchard [ENVO:00000115]	leaf [ENVO:00000115]	Orchard phyllosphere interannual sampling	organic material [ENVO:01000155]
3750	Malus domestica	2024-1-PMB-HC-LE-1_16S	Malus domestica phyllosphere 16S amplicons	16s rRNA gene V5-V6  (799F - 1115R) amplicon reads	2024-05-22	Canada	Université de Sherbrooke	orchard [ENVO:00000115]	leaf [ENVO:00000115]	Orchard phyllosphere interannual sampling	organic material [ENVO:01000155]
3750	Malus domestica	2024-1-PMB-LI-LE-1_16S	Malus domestica phyllosphere 16S amplicons	16s rRNA gene V5-V6  (799F - 1115R) amplicon reads	2024-05-22	Canada	Université de Sherbrooke	orchard [ENVO:00000115]	leaf [ENVO:00000115]	Orchard phyllosphere interannual sampling	organic material [ENVO:01000155]
3750	Malus domestica	2024-1-PMB-LI-LE-2_16S	Malus domestica phyllosphere 16S amplicons	16s rRNA gene V5-V6  (799F - 1115R) amplicon reads	2024-05-22	Canada	Université de Sherbrooke	orchard [ENVO:00000115]	leaf [ENVO:00000115]	Orchard phyllosphere interannual sampling	organic material [ENVO:01000155]
3750	Malus domestica	2024-1-PMB-LI-LE-3_16S	Malus domestica phyllosphere 16S amplicons	16s rRNA gene V5-V6  (799F - 1115R) amplicon reads	2024-05-22	Canada	Université de Sherbrooke	orchard [ENVO:00000115]	leaf [ENVO:00000115]	Orchard phyllosphere interannual sampling	organic material [ENVO:01000155]
3750	Malus domestica	2024-1-PMB-PR-LE-3_16S	Malus domestica phyllosphere 16S amplicons	16s rRNA gene V5-V6  (799F - 1115R) amplicon reads	2024-05-22	Canada	Université de Sherbrooke	orchard [ENVO:00000115]	leaf [ENVO:00000115]	Orchard phyllosphere interannual sampling	organic material [ENVO:01000155]
3750	Malus domestica	2024-1-PMB-SP-LE-1_16S	Malus domestica phyllosphere 16S amplicons	16s rRNA gene V5-V6  (799F - 1115R) amplicon reads	2024-05-22	Canada	Université de Sherbrooke	orchard [ENVO:00000115]	leaf [ENVO:00000115]	Orchard phyllosphere interannual sampling	organic material [ENVO:01000155]
3750	Malus domestica	2024-1-PMB-SP-LE-2_16S	Malus domestica phyllosphere 16S amplicons	16s rRNA gene V5-V6  (799F - 1115R) amplicon reads	2024-05-22	Canada	Université de Sherbrooke	orchard [ENVO:00000115]	leaf [ENVO:00000115]	Orchard phyllosphere interannual sampling	organic material [ENVO:01000155]
3750	Malus domestica	2024-1-PMB-SP-LE-3_16S	Malus domestica phyllosphere 16S amplicons	16s rRNA gene V5-V6  (799F - 1115R) amplicon reads	2024-05-22	Canada	Université de Sherbrooke	orchard [ENVO:00000115]	leaf [ENVO:00000115]	Orchard phyllosphere interannual sampling	organic material [ENVO:01000155]
3750	Malus domestica	2024-1-PMP-PR-LE-1_16S	Malus domestica phyllosphere 16S amplicons	16s rRNA gene V5-V6  (799F - 1115R) amplicon reads	2024-05-22	Canada	Université de Sherbrooke	orchard [ENVO:00000115]	leaf [ENVO:00000115]	Orchard phyllosphere interannual sampling	organic material [ENVO:01000155]
3750	Malus domestica	2024-1-PMP-PR-LE-2_16S	Malus domestica phyllosphere 16S amplicons	16s rRNA gene V5-V6  (799F - 1115R) amplicon reads	2024-05-22	Canada	Université de Sherbrooke	orchard [ENVO:00000115]	leaf [ENVO:00000115]	Orchard phyllosphere interannual sampling	organic material [ENVO:01000155]
3750	Malus domestica	2024-1-VBS-CL-LE-1_16S	Malus domestica phyllosphere 16S amplicons	16s rRNA gene V5-V6  (799F - 1115R) amplicon reads	2025-05-23	Canada	Université de Sherbrooke	orchard [ENVO:00000115]	leaf [ENVO:00000115]	Orchard phyllosphere interannual sampling	organic material [ENVO:01000155]
3750	Malus domestica	2024-1-VBS-CL-LE-2_16S	Malus domestica phyllosphere 16S amplicons	16s rRNA gene V5-V6  (799F - 1115R) amplicon reads	2025-05-23	Canada	Université de Sherbrooke	orchard [ENVO:00000115]	leaf [ENVO:00000115]	Orchard phyllosphere interannual sampling	organic material [ENVO:01000155]
3750	Malus domestica	2024-1-VBS-CL-LE-3_16S	Malus domestica phyllosphere 16S amplicons	16s rRNA gene V5-V6  (799F - 1115R) amplicon reads	2025-05-23	Canada	Université de Sherbrooke	orchard [ENVO:00000115]	leaf [ENVO:00000115]	Orchard phyllosphere interannual sampling	organic material [ENVO:01000155]
3750	Malus domestica	2024-1-VBS-LI-LE-1_16S	Malus domestica phyllosphere 16S amplicons	16s rRNA gene V5-V6  (799F - 1115R) amplicon reads	2025-05-23	Canada	Université de Sherbrooke	orchard [ENVO:00000115]	leaf [ENVO:00000115]	Orchard phyllosphere interannual sampling	organic material [ENVO:01000155]
3750	Malus domestica	2024-1-VBS-LI-LE-2_16S	Malus domestica phyllosphere 16S amplicons	16s rRNA gene V5-V6  (799F - 1115R) amplicon reads	2025-05-23	Canada	Université de Sherbrooke	orchard [ENVO:00000115]	leaf [ENVO:00000115]	Orchard phyllosphere interannual sampling	organic material [ENVO:01000155]
3750	Malus domestica	2024-1-VBS-LI-LE-3_16S	Malus domestica phyllosphere 16S amplicons	16s rRNA gene V5-V6  (799F - 1115R) amplicon reads	2025-05-23	Canada	Université de Sherbrooke	orchard [ENVO:00000115]	leaf [ENVO:00000115]	Orchard phyllosphere interannual sampling	organic material [ENVO:01000155]
3750	Malus domestica	2024-1-VBS-PR-LE-1_16S	Malus domestica phyllosphere 16S amplicons	16s rRNA gene V5-V6  (799F - 1115R) amplicon reads	2025-05-23	Canada	Université de Sherbrooke	orchard [ENVO:00000115]	leaf [ENVO:00000115]	Orchard phyllosphere interannual sampling	organic material [ENVO:01000155]
3750	Malus domestica	2024-1-VBS-PR-LE-2_16S	Malus domestica phyllosphere 16S amplicons	16s rRNA gene V5-V6  (799F - 1115R) amplicon reads	2025-05-23	Canada	Université de Sherbrooke	orchard [ENVO:00000115]	leaf [ENVO:00000115]	Orchard phyllosphere interannual sampling	organic material [ENVO:01000155]
3750	Malus domestica	2024-1-VBS-PR-LE-3_16S	Malus domestica phyllosphere 16S amplicons	16s rRNA gene V5-V6  (799F - 1115R) amplicon reads	2025-05-23	Canada	Université de Sherbrooke	orchard [ENVO:00000115]	leaf [ENVO:00000115]	Orchard phyllosphere interannual sampling	organic material [ENVO:01000155]
3750	Malus domestica	2024-2-ASB-CL-LE-1_16S	Malus domestica phyllosphere 16S amplicons	16s rRNA gene V5-V6  (799F - 1115R) amplicon reads	2024-07-17	Canada	Université de Sherbrooke	orchard [ENVO:00000115]	leaf [ENVO:00000115]	Orchard phyllosphere interannual sampling	organic material [ENVO:01000155]
3750	Malus domestica	2024-2-ASB-CL-LE-2_16S	Malus domestica phyllosphere 16S amplicons	16s rRNA gene V5-V6  (799F - 1115R) amplicon reads	2024-07-17	Canada	Université de Sherbrooke	orchard [ENVO:00000115]	leaf [ENVO:00000115]	Orchard phyllosphere interannual sampling	organic material [ENVO:01000155]
3750	Malus domestica	2024-2-ASB-CL-LE-3_16S	Malus domestica phyllosphere 16S amplicons	16s rRNA gene V5-V6  (799F - 1115R) amplicon reads	2024-07-17	Canada	Université de Sherbrooke	orchard [ENVO:00000115]	leaf [ENVO:00000115]	Orchard phyllosphere interannual sampling	organic material [ENVO:01000155]
3750	Malus domestica	2024-2-ASB-LI-LE-1_16S	Malus domestica phyllosphere 16S amplicons	16s rRNA gene V5-V6  (799F - 1115R) amplicon reads	2024-07-17	Canada	Université de Sherbrooke	orchard [ENVO:00000115]	leaf [ENVO:00000115]	Orchard phyllosphere interannual sampling	organic material [ENVO:01000155]
3750	Malus domestica	2024-2-ASB-LI-LE-2_16S	Malus domestica phyllosphere 16S amplicons	16s rRNA gene V5-V6  (799F - 1115R) amplicon reads	2024-07-17	Canada	Université de Sherbrooke	orchard [ENVO:00000115]	leaf [ENVO:00000115]	Orchard phyllosphere interannual sampling	organic material [ENVO:01000155]
3750	Malus domestica	2024-2-ASB-LI-LE-3_16S	Malus domestica phyllosphere 16S amplicons	16s rRNA gene V5-V6  (799F - 1115R) amplicon reads	2024-07-17	Canada	Université de Sherbrooke	orchard [ENVO:00000115]	leaf [ENVO:00000115]	Orchard phyllosphere interannual sampling	organic material [ENVO:01000155]
3750	Malus domestica	2024-2-ASB-PR-LE-1_16S	Malus domestica phyllosphere 16S amplicons	16s rRNA gene V5-V6  (799F - 1115R) amplicon reads	2024-07-17	Canada	Université de Sherbrooke	orchard [ENVO:00000115]	leaf [ENVO:00000115]	Orchard phyllosphere interannual sampling	organic material [ENVO:01000155]
3750	Malus domestica	2024-2-ASB-PR-LE-2_16S	Malus domestica phyllosphere 16S amplicons	16s rRNA gene V5-V6  (799F - 1115R) amplicon reads	2024-07-17	Canada	Université de Sherbrooke	orchard [ENVO:00000115]	leaf [ENVO:00000115]	Orchard phyllosphere interannual sampling	organic material [ENVO:01000155]
3750	Malus domestica	2024-2-ASB-PR-LE-3_16S	Malus domestica phyllosphere 16S amplicons	16s rRNA gene V5-V6  (799F - 1115R) amplicon reads	2024-07-17	Canada	Université de Sherbrooke	orchard [ENVO:00000115]	leaf [ENVO:00000115]	Orchard phyllosphere interannual sampling	organic material [ENVO:01000155]
3750	Malus domestica	2024-2-COM-HC-LE-1_16S	Malus domestica phyllosphere 16S amplicons	16s rRNA gene V5-V6  (799F - 1115R) amplicon reads	2024-07-17	Canada	Université de Sherbrooke	orchard [ENVO:00000115]	leaf [ENVO:00000115]	Orchard phyllosphere interannual sampling	organic material [ENVO:01000155]
3750	Malus domestica	2024-2-COM-HC-LE-2_16S	Malus domestica phyllosphere 16S amplicons	16s rRNA gene V5-V6  (799F - 1115R) amplicon reads	2024-07-17	Canada	Université de Sherbrooke	orchard [ENVO:00000115]	leaf [ENVO:00000115]	Orchard phyllosphere interannual sampling	organic material [ENVO:01000155]
3750	Malus domestica	2024-2-COM-HC-LE-3_16S	Malus domestica phyllosphere 16S amplicons	16s rRNA gene V5-V6  (799F - 1115R) amplicon reads	2024-07-17	Canada	Université de Sherbrooke	orchard [ENVO:00000115]	leaf [ENVO:00000115]	Orchard phyllosphere interannual sampling	organic material [ENVO:01000155]
3750	Malus domestica	2024-2-COM-SP-LE-1_16S	Malus domestica phyllosphere 16S amplicons	16s rRNA gene V5-V6  (799F - 1115R) amplicon reads	2024-07-17	Canada	Université de Sherbrooke	orchard [ENVO:00000115]	leaf [ENVO:00000115]	Orchard phyllosphere interannual sampling	organic material [ENVO:01000155]
3750	Malus domestica	2024-2-COM-SP-LE-2_16S	Malus domestica phyllosphere 16S amplicons	16s rRNA gene V5-V6  (799F - 1115R) amplicon reads	2024-07-17	Canada	Université de Sherbrooke	orchard [ENVO:00000115]	leaf [ENVO:00000115]	Orchard phyllosphere interannual sampling	organic material [ENVO:01000155]
3750	Malus domestica	2024-2-COM-SP-LE-3_16S	Malus domestica phyllosphere 16S amplicons	16s rRNA gene V5-V6  (799F - 1115R) amplicon reads	2024-07-17	Canada	Université de Sherbrooke	orchard [ENVO:00000115]	leaf [ENVO:00000115]	Orchard phyllosphere interannual sampling	organic material [ENVO:01000155]
3750	Malus domestica	2024-2-MIB-HC-LE-1_16S	Malus domestica phyllosphere 16S amplicons	16s rRNA gene V5-V6  (799F - 1115R) amplicon reads	2024-07-16	Canada	Université de Sherbrooke	orchard [ENVO:00000115]	leaf [ENVO:00000115]	Orchard phyllosphere interannual sampling	organic material [ENVO:01000155]
3750	Malus domestica	2024-2-MIB-HC-LE-2_16S	Malus domestica phyllosphere 16S amplicons	16s rRNA gene V5-V6  (799F - 1115R) amplicon reads	2024-07-16	Canada	Université de Sherbrooke	orchard [ENVO:00000115]	leaf [ENVO:00000115]	Orchard phyllosphere interannual sampling	organic material [ENVO:01000155]
3750	Malus domestica	2024-2-MIB-HC-LE-3_16S	Malus domestica phyllosphere 16S amplicons	16s rRNA gene V5-V6  (799F - 1115R) amplicon reads	2024-07-16	Canada	Université de Sherbrooke	orchard [ENVO:00000115]	leaf [ENVO:00000115]	Orchard phyllosphere interannual sampling	organic material [ENVO:01000155]
3750	Malus domestica	2024-2-MIB-SP-LE-1_16S	Malus domestica phyllosphere 16S amplicons	16s rRNA gene V5-V6  (799F - 1115R) amplicon reads	2024-07-16	Canada	Université de Sherbrooke	orchard [ENVO:00000115]	leaf [ENVO:00000115]	Orchard phyllosphere interannual sampling	organic material [ENVO:01000155]
3750	Malus domestica	2024-2-MIB-SP-LE-2_16S	Malus domestica phyllosphere 16S amplicons	16s rRNA gene V5-V6  (799F - 1115R) amplicon reads	2024-07-16	Canada	Université de Sherbrooke	orchard [ENVO:00000115]	leaf [ENVO:00000115]	Orchard phyllosphere interannual sampling	organic material [ENVO:01000155]
3750	Malus domestica	2024-2-MIB-SP-LE-3_16S	Malus domestica phyllosphere 16S amplicons	16s rRNA gene V5-V6  (799F - 1115R) amplicon reads	2024-07-16	Canada	Université de Sherbrooke	orchard [ENVO:00000115]	leaf [ENVO:00000115]	Orchard phyllosphere interannual sampling	organic material [ENVO:01000155]
3750	Malus domestica	2024-2-MIC-HC-LE-1_16S	Malus domestica phyllosphere 16S amplicons	16s rRNA gene V5-V6  (799F - 1115R) amplicon reads	2024-07-16	Canada	Université de Sherbrooke	orchard [ENVO:00000115]	leaf [ENVO:00000115]	Orchard phyllosphere interannual sampling	organic material [ENVO:01000155]
3750	Malus domestica	2024-2-MIC-HC-LE-2_16S	Malus domestica phyllosphere 16S amplicons	16s rRNA gene V5-V6  (799F - 1115R) amplicon reads	2024-07-16	Canada	Université de Sherbrooke	orchard [ENVO:00000115]	leaf [ENVO:00000115]	Orchard phyllosphere interannual sampling	organic material [ENVO:01000155]
3750	Malus domestica	2024-2-MIC-HC-LE-3_16S	Malus domestica phyllosphere 16S amplicons	16s rRNA gene V5-V6  (799F - 1115R) amplicon reads	2024-07-16	Canada	Université de Sherbrooke	orchard [ENVO:00000115]	leaf [ENVO:00000115]	Orchard phyllosphere interannual sampling	organic material [ENVO:01000155]
3750	Malus domestica	2024-2-MIC-SP-LE-1_16S	Malus domestica phyllosphere 16S amplicons	16s rRNA gene V5-V6  (799F - 1115R) amplicon reads	2024-07-16	Canada	Université de Sherbrooke	orchard [ENVO:00000115]	leaf [ENVO:00000115]	Orchard phyllosphere interannual sampling	organic material [ENVO:01000155]
3750	Malus domestica	2024-2-MIC-SP-LE-2_16S	Malus domestica phyllosphere 16S amplicons	16s rRNA gene V5-V6  (799F - 1115R) amplicon reads	2024-07-16	Canada	Université de Sherbrooke	orchard [ENVO:00000115]	leaf [ENVO:00000115]	Orchard phyllosphere interannual sampling	organic material [ENVO:01000155]
3750	Malus domestica	2024-2-MIC-SP-LE-3_16S	Malus domestica phyllosphere 16S amplicons	16s rRNA gene V5-V6  (799F - 1115R) amplicon reads	2024-07-16	Canada	Université de Sherbrooke	orchard [ENVO:00000115]	leaf [ENVO:00000115]	Orchard phyllosphere interannual sampling	organic material [ENVO:01000155]
3750	Malus domestica	2024-2-PMB-CL-LE-1_16S	Malus domestica phyllosphere 16S amplicons	16s rRNA gene V5-V6  (799F - 1115R) amplicon reads	2024-07-17	Canada	Université de Sherbrooke	orchard [ENVO:00000115]	leaf [ENVO:00000115]	Orchard phyllosphere interannual sampling	organic material [ENVO:01000155]
3750	Malus domestica	2024-2-PMB-CL-LE-2_16S	Malus domestica phyllosphere 16S amplicons	16s rRNA gene V5-V6  (799F - 1115R) amplicon reads	2024-07-17	Canada	Université de Sherbrooke	orchard [ENVO:00000115]	leaf [ENVO:00000115]	Orchard phyllosphere interannual sampling	organic material [ENVO:01000155]
3750	Malus domestica	2024-2-PMB-CL-LE-3_16S	Malus domestica phyllosphere 16S amplicons	16s rRNA gene V5-V6  (799F - 1115R) amplicon reads	2024-07-17	Canada	Université de Sherbrooke	orchard [ENVO:00000115]	leaf [ENVO:00000115]	Orchard phyllosphere interannual sampling	organic material [ENVO:01000155]
3750	Malus domestica	2024-2-PMB-HC-LE-1_16S	Malus domestica phyllosphere 16S amplicons	16s rRNA gene V5-V6  (799F - 1115R) amplicon reads	2024-07-17	Canada	Université de Sherbrooke	orchard [ENVO:00000115]	leaf [ENVO:00000115]	Orchard phyllosphere interannual sampling	organic material [ENVO:01000155]
3750	Malus domestica	2024-2-PMB-HC-LE-2_16S	Malus domestica phyllosphere 16S amplicons	16s rRNA gene V5-V6  (799F - 1115R) amplicon reads	2024-07-17	Canada	Université de Sherbrooke	orchard [ENVO:00000115]	leaf [ENVO:00000115]	Orchard phyllosphere interannual sampling	organic material [ENVO:01000155]
3750	Malus domestica	2024-2-PMB-HC-LE-3_16S	Malus domestica phyllosphere 16S amplicons	16s rRNA gene V5-V6  (799F - 1115R) amplicon reads	2024-07-17	Canada	Université de Sherbrooke	orchard [ENVO:00000115]	leaf [ENVO:00000115]	Orchard phyllosphere interannual sampling	organic material [ENVO:01000155]
3750	Malus domestica	2024-2-PMB-LI-LE-1_16S	Malus domestica phyllosphere 16S amplicons	16s rRNA gene V5-V6  (799F - 1115R) amplicon reads	2024-07-17	Canada	Université de Sherbrooke	orchard [ENVO:00000115]	leaf [ENVO:00000115]	Orchard phyllosphere interannual sampling	organic material [ENVO:01000155]
3750	Malus domestica	2024-2-PMB-LI-LE-2_16S	Malus domestica phyllosphere 16S amplicons	16s rRNA gene V5-V6  (799F - 1115R) amplicon reads	2024-07-17	Canada	Université de Sherbrooke	orchard [ENVO:00000115]	leaf [ENVO:00000115]	Orchard phyllosphere interannual sampling	organic material [ENVO:01000155]
3750	Malus domestica	2024-2-PMB-LI-LE-3_16S	Malus domestica phyllosphere 16S amplicons	16s rRNA gene V5-V6  (799F - 1115R) amplicon reads	2024-07-17	Canada	Université de Sherbrooke	orchard [ENVO:00000115]	leaf [ENVO:00000115]	Orchard phyllosphere interannual sampling	organic material [ENVO:01000155]
3750	Malus domestica	2024-2-PMB-PR-LE-1_16S	Malus domestica phyllosphere 16S amplicons	16s rRNA gene V5-V6  (799F - 1115R) amplicon reads	2024-07-17	Canada	Université de Sherbrooke	orchard [ENVO:00000115]	leaf [ENVO:00000115]	Orchard phyllosphere interannual sampling	organic material [ENVO:01000155]
3750	Malus domestica	2024-2-PMB-PR-LE-2_16S	Malus domestica phyllosphere 16S amplicons	16s rRNA gene V5-V6  (799F - 1115R) amplicon reads	2024-07-17	Canada	Université de Sherbrooke	orchard [ENVO:00000115]	leaf [ENVO:00000115]	Orchard phyllosphere interannual sampling	organic material [ENVO:01000155]
3750	Malus domestica	2024-2-PMB-PR-LE-3_16S	Malus domestica phyllosphere 16S amplicons	16s rRNA gene V5-V6  (799F - 1115R) amplicon reads	2024-07-17	Canada	Université de Sherbrooke	orchard [ENVO:00000115]	leaf [ENVO:00000115]	Orchard phyllosphere interannual sampling	organic material [ENVO:01000155]
3750	Malus domestica	2024-2-PMB-SP-LE-1_16S	Malus domestica phyllosphere 16S amplicons	16s rRNA gene V5-V6  (799F - 1115R) amplicon reads	2024-07-17	Canada	Université de Sherbrooke	orchard [ENVO:00000115]	leaf [ENVO:00000115]	Orchard phyllosphere interannual sampling	organic material [ENVO:01000155]
3750	Malus domestica	2024-2-PMB-SP-LE-2_16S	Malus domestica phyllosphere 16S amplicons	16s rRNA gene V5-V6  (799F - 1115R) amplicon reads	2024-07-17	Canada	Université de Sherbrooke	orchard [ENVO:00000115]	leaf [ENVO:00000115]	Orchard phyllosphere interannual sampling	organic material [ENVO:01000155]
3750	Malus domestica	2024-2-PMB-SP-LE-3_16S	Malus domestica phyllosphere 16S amplicons	16s rRNA gene V5-V6  (799F - 1115R) amplicon reads	2024-07-17	Canada	Université de Sherbrooke	orchard [ENVO:00000115]	leaf [ENVO:00000115]	Orchard phyllosphere interannual sampling	organic material [ENVO:01000155]
3750	Malus domestica	2024-2-VBS-CL-LE-1_16S	Malus domestica phyllosphere 16S amplicons	16s rRNA gene V5-V6  (799F - 1115R) amplicon reads	2024-07-17	Canada	Université de Sherbrooke	orchard [ENVO:00000115]	leaf [ENVO:00000115]	Orchard phyllosphere interannual sampling	organic material [ENVO:01000155]
3750	Malus domestica	2024-2-VBS-CL-LE-2_16S	Malus domestica phyllosphere 16S amplicons	16s rRNA gene V5-V6  (799F - 1115R) amplicon reads	2024-07-17	Canada	Université de Sherbrooke	orchard [ENVO:00000115]	leaf [ENVO:00000115]	Orchard phyllosphere interannual sampling	organic material [ENVO:01000155]
3750	Malus domestica	2024-2-VBS-CL-LE-3_16S	Malus domestica phyllosphere 16S amplicons	16s rRNA gene V5-V6  (799F - 1115R) amplicon reads	2024-07-17	Canada	Université de Sherbrooke	orchard [ENVO:00000115]	leaf [ENVO:00000115]	Orchard phyllosphere interannual sampling	organic material [ENVO:01000155]
3750	Malus domestica	2024-2-VBS-LI-LE-1_16S	Malus domestica phyllosphere 16S amplicons	16s rRNA gene V5-V6  (799F - 1115R) amplicon reads	2024-07-17	Canada	Université de Sherbrooke	orchard [ENVO:00000115]	leaf [ENVO:00000115]	Orchard phyllosphere interannual sampling	organic material [ENVO:01000155]
3750	Malus domestica	2024-2-VBS-LI-LE-2_16S	Malus domestica phyllosphere 16S amplicons	16s rRNA gene V5-V6  (799F - 1115R) amplicon reads	2024-07-17	Canada	Université de Sherbrooke	orchard [ENVO:00000115]	leaf [ENVO:00000115]	Orchard phyllosphere interannual sampling	organic material [ENVO:01000155]
3750	Malus domestica	2024-2-VBS-LI-LE-3_16S	Malus domestica phyllosphere 16S amplicons	16s rRNA gene V5-V6  (799F - 1115R) amplicon reads	2024-07-17	Canada	Université de Sherbrooke	orchard [ENVO:00000115]	leaf [ENVO:00000115]	Orchard phyllosphere interannual sampling	organic material [ENVO:01000155]
3750	Malus domestica	2024-2-VBS-PR-LE-1_16S	Malus domestica phyllosphere 16S amplicons	16s rRNA gene V5-V6  (799F - 1115R) amplicon reads	2024-07-17	Canada	Université de Sherbrooke	orchard [ENVO:00000115]	leaf [ENVO:00000115]	Orchard phyllosphere interannual sampling	organic material [ENVO:01000155]
3750	Malus domestica	2024-2-VBS-PR-LE-2_16S	Malus domestica phyllosphere 16S amplicons	16s rRNA gene V5-V6  (799F - 1115R) amplicon reads	2024-07-17	Canada	Université de Sherbrooke	orchard [ENVO:00000115]	leaf [ENVO:00000115]	Orchard phyllosphere interannual sampling	organic material [ENVO:01000155]
3750	Malus domestica	2024-2-VBS-PR-LE-3_16S	Malus domestica phyllosphere 16S amplicons	16s rRNA gene V5-V6  (799F - 1115R) amplicon reads	2024-07-17	Canada	Université de Sherbrooke	orchard [ENVO:00000115]	leaf [ENVO:00000115]	Orchard phyllosphere interannual sampling	organic material [ENVO:01000155]
3750	Malus domestica	ctrl_PCR_neg_LaforestP10_16S	Malus domestica phyllosphere 16S amplicons	16s rRNA gene V5-V6  (799F - 1115R) amplicon reads	2024-07-17	Canada	Université de Sherbrooke	orchard [ENVO:00000115]	leaf [ENVO:00000115]	Orchard phyllosphere interannual sampling	organic material [ENVO:01000155]
3750	Malus domestica	2022-1-ASB-CL-LE-1_ITS	Malus domestica phyllosphere ITS amplicons	ITS1 gene  (ITS1F - ITS2) amplicon reads	2022-05-17	Canada	Université de Sherbrooke	orchard [ENVO:00000115]	leaf [ENVO:00000115]	Orchard phyllosphere interannual sampling	organic material [ENVO:01000155]
3750	Malus domestica	2022-1-ASB-CL-LE-2_ITS	Malus domestica phyllosphere ITS amplicons	ITS1 gene  (ITS1F - ITS2) amplicon reads	2022-05-17	Canada	Université de Sherbrooke	orchard [ENVO:00000115]	leaf [ENVO:00000115]	Orchard phyllosphere interannual sampling	organic material [ENVO:01000155]
3750	Malus domestica	2022-1-ASB-CL-LE-3_ITS	Malus domestica phyllosphere ITS amplicons	ITS1 gene  (ITS1F - ITS2) amplicon reads	2022-05-17	Canada	Université de Sherbrooke	orchard [ENVO:00000115]	leaf [ENVO:00000115]	Orchard phyllosphere interannual sampling	organic material [ENVO:01000155]
3750	Malus domestica	2022-1-ASB-LI-LE-1_ITS	Malus domestica phyllosphere ITS amplicons	ITS1 gene  (ITS1F - ITS2) amplicon reads	2022-05-17	Canada	Université de Sherbrooke	orchard [ENVO:00000115]	leaf [ENVO:00000115]	Orchard phyllosphere interannual sampling	organic material [ENVO:01000155]
3750	Malus domestica	2022-1-ASB-LI-LE-2_ITS	Malus domestica phyllosphere ITS amplicons	ITS1 gene  (ITS1F - ITS2) amplicon reads	2022-05-17	Canada	Université de Sherbrooke	orchard [ENVO:00000115]	leaf [ENVO:00000115]	Orchard phyllosphere interannual sampling	organic material [ENVO:01000155]
3750	Malus domestica	2022-1-ASB-LI-LE-3_ITS	Malus domestica phyllosphere ITS amplicons	ITS1 gene  (ITS1F - ITS2) amplicon reads	2022-05-17	Canada	Université de Sherbrooke	orchard [ENVO:00000115]	leaf [ENVO:00000115]	Orchard phyllosphere interannual sampling	organic material [ENVO:01000155]
3750	Malus domestica	2022-1-ASB-PR-LE-1_ITS	Malus domestica phyllosphere ITS amplicons	ITS1 gene  (ITS1F - ITS2) amplicon reads	2022-05-17	Canada	Université de Sherbrooke	orchard [ENVO:00000115]	leaf [ENVO:00000115]	Orchard phyllosphere interannual sampling	organic material [ENVO:01000155]
3750	Malus domestica	2022-1-ASB-PR-LE-2_ITS	Malus domestica phyllosphere ITS amplicons	ITS1 gene  (ITS1F - ITS2) amplicon reads	2022-05-17	Canada	Université de Sherbrooke	orchard [ENVO:00000115]	leaf [ENVO:00000115]	Orchard phyllosphere interannual sampling	organic material [ENVO:01000155]
3750	Malus domestica	2022-1-ASB-PR-LE-3_ITS	Malus domestica phyllosphere ITS amplicons	ITS1 gene  (ITS1F - ITS2) amplicon reads	2022-05-17	Canada	Université de Sherbrooke	orchard [ENVO:00000115]	leaf [ENVO:00000115]	Orchard phyllosphere interannual sampling	organic material [ENVO:01000155]
3750	Malus domestica	2022-1-PMB-CL-LE-1_ITS	Malus domestica phyllosphere ITS amplicons	ITS1 gene  (ITS1F - ITS2) amplicon reads	2022-05-17	Canada	Université de Sherbrooke	orchard [ENVO:00000115]	leaf [ENVO:00000115]	Orchard phyllosphere interannual sampling	organic material [ENVO:01000155]
3750	Malus domestica	2022-1-PMB-CL-LE-2_ITS	Malus domestica phyllosphere ITS amplicons	ITS1 gene  (ITS1F - ITS2) amplicon reads	2022-05-17	Canada	Université de Sherbrooke	orchard [ENVO:00000115]	leaf [ENVO:00000115]	Orchard phyllosphere interannual sampling	organic material [ENVO:01000155]
3750	Malus domestica	2022-1-PMB-CL-LE-3_ITS	Malus domestica phyllosphere ITS amplicons	ITS1 gene  (ITS1F - ITS2) amplicon reads	2022-05-17	Canada	Université de Sherbrooke	orchard [ENVO:00000115]	leaf [ENVO:00000115]	Orchard phyllosphere interannual sampling	organic material [ENVO:01000155]
3750	Malus domestica	2022-1-PMB-LI-LE-1_ITS	Malus domestica phyllosphere ITS amplicons	ITS1 gene  (ITS1F - ITS2) amplicon reads	2022-05-17	Canada	Université de Sherbrooke	orchard [ENVO:00000115]	leaf [ENVO:00000115]	Orchard phyllosphere interannual sampling	organic material [ENVO:01000155]
3750	Malus domestica	2022-1-PMB-LI-LE-2_ITS	Malus domestica phyllosphere ITS amplicons	ITS1 gene  (ITS1F - ITS2) amplicon reads	2022-05-17	Canada	Université de Sherbrooke	orchard [ENVO:00000115]	leaf [ENVO:00000115]	Orchard phyllosphere interannual sampling	organic material [ENVO:01000155]
3750	Malus domestica	2022-1-PMB-LI-LE-3_ITS	Malus domestica phyllosphere ITS amplicons	ITS1 gene  (ITS1F - ITS2) amplicon reads	2022-05-17	Canada	Université de Sherbrooke	orchard [ENVO:00000115]	leaf [ENVO:00000115]	Orchard phyllosphere interannual sampling	organic material [ENVO:01000155]
3750	Malus domestica	2022-1-PMB-PR-LE-1_ITS	Malus domestica phyllosphere ITS amplicons	ITS1 gene  (ITS1F - ITS2) amplicon reads	2022-05-17	Canada	Université de Sherbrooke	orchard [ENVO:00000115]	leaf [ENVO:00000115]	Orchard phyllosphere interannual sampling	organic material [ENVO:01000155]
3750	Malus domestica	2022-1-PMB-PR-LE-2_ITS	Malus domestica phyllosphere ITS amplicons	ITS1 gene  (ITS1F - ITS2) amplicon reads	2022-05-17	Canada	Université de Sherbrooke	orchard [ENVO:00000115]	leaf [ENVO:00000115]	Orchard phyllosphere interannual sampling	organic material [ENVO:01000155]
3750	Malus domestica	2022-1-PMB-PR-LE-3_ITS	Malus domestica phyllosphere ITS amplicons	ITS1 gene  (ITS1F - ITS2) amplicon reads	2022-05-17	Canada	Université de Sherbrooke	orchard [ENVO:00000115]	leaf [ENVO:00000115]	Orchard phyllosphere interannual sampling	organic material [ENVO:01000155]
3750	Malus domestica	2022-1-VBS-CL-LE-1_ITS	Malus domestica phyllosphere ITS amplicons	ITS1 gene  (ITS1F - ITS2) amplicon reads	2022-05-20	Canada	Université de Sherbrooke	orchard [ENVO:00000115]	leaf [ENVO:00000115]	Orchard phyllosphere interannual sampling	organic material [ENVO:01000155]
3750	Malus domestica	2022-1-VBS-CL-LE-2_ITS	Malus domestica phyllosphere ITS amplicons	ITS1 gene  (ITS1F - ITS2) amplicon reads	2022-05-20	Canada	Université de Sherbrooke	orchard [ENVO:00000115]	leaf [ENVO:00000115]	Orchard phyllosphere interannual sampling	organic material [ENVO:01000155]
3750	Malus domestica	2022-1-VBS-CL-LE-3_ITS	Malus domestica phyllosphere ITS amplicons	ITS1 gene  (ITS1F - ITS2) amplicon reads	2022-05-20	Canada	Université de Sherbrooke	orchard [ENVO:00000115]	leaf [ENVO:00000115]	Orchard phyllosphere interannual sampling	organic material [ENVO:01000155]
3750	Malus domestica	2022-1-VBS-LI-LE-1_ITS	Malus domestica phyllosphere ITS amplicons	ITS1 gene  (ITS1F - ITS2) amplicon reads	2022-05-20	Canada	Université de Sherbrooke	orchard [ENVO:00000115]	leaf [ENVO:00000115]	Orchard phyllosphere interannual sampling	organic material [ENVO:01000155]
3750	Malus domestica	2022-1-VBS-LI-LE-2_ITS	Malus domestica phyllosphere ITS amplicons	ITS1 gene  (ITS1F - ITS2) amplicon reads	2022-05-20	Canada	Université de Sherbrooke	orchard [ENVO:00000115]	leaf [ENVO:00000115]	Orchard phyllosphere interannual sampling	organic material [ENVO:01000155]
3750	Malus domestica	2022-1-VBS-LI-LE-3_ITS	Malus domestica phyllosphere ITS amplicons	ITS1 gene  (ITS1F - ITS2) amplicon reads	2022-05-20	Canada	Université de Sherbrooke	orchard [ENVO:00000115]	leaf [ENVO:00000115]	Orchard phyllosphere interannual sampling	organic material [ENVO:01000155]
3750	Malus domestica	2022-1-VBS-PR-LE-1_ITS	Malus domestica phyllosphere ITS amplicons	ITS1 gene  (ITS1F - ITS2) amplicon reads	2022-05-20	Canada	Université de Sherbrooke	orchard [ENVO:00000115]	leaf [ENVO:00000115]	Orchard phyllosphere interannual sampling	organic material [ENVO:01000155]
3750	Malus domestica	2022-1-VBS-PR-LE-2_ITS	Malus domestica phyllosphere ITS amplicons	ITS1 gene  (ITS1F - ITS2) amplicon reads	2022-05-20	Canada	Université de Sherbrooke	orchard [ENVO:00000115]	leaf [ENVO:00000115]	Orchard phyllosphere interannual sampling	organic material [ENVO:01000155]
3750	Malus domestica	2022-1-VBS-PR-LE-3_ITS	Malus domestica phyllosphere ITS amplicons	ITS1 gene  (ITS1F - ITS2) amplicon reads	2022-05-20	Canada	Université de Sherbrooke	orchard [ENVO:00000115]	leaf [ENVO:00000115]	Orchard phyllosphere interannual sampling	organic material [ENVO:01000155]
3750	Malus domestica	2022-2-ASB-CL-LE-1_ITS	Malus domestica phyllosphere ITS amplicons	ITS1 gene  (ITS1F - ITS2) amplicon reads	2022-07-07	Canada	Université de Sherbrooke	orchard [ENVO:00000115]	leaf [ENVO:00000115]	Orchard phyllosphere interannual sampling	organic material [ENVO:01000155]
3750	Malus domestica	2022-2-ASB-CL-LE-2_ITS	Malus domestica phyllosphere ITS amplicons	ITS1 gene  (ITS1F - ITS2) amplicon reads	2022-07-07	Canada	Université de Sherbrooke	orchard [ENVO:00000115]	leaf [ENVO:00000115]	Orchard phyllosphere interannual sampling	organic material [ENVO:01000155]
3750	Malus domestica	2022-2-ASB-CL-LE-3_ITS	Malus domestica phyllosphere ITS amplicons	ITS1 gene  (ITS1F - ITS2) amplicon reads	2022-07-07	Canada	Université de Sherbrooke	orchard [ENVO:00000115]	leaf [ENVO:00000115]	Orchard phyllosphere interannual sampling	organic material [ENVO:01000155]
3750	Malus domestica	2022-2-ASB-LI-LE-1_ITS	Malus domestica phyllosphere ITS amplicons	ITS1 gene  (ITS1F - ITS2) amplicon reads	2022-07-07	Canada	Université de Sherbrooke	orchard [ENVO:00000115]	leaf [ENVO:00000115]	Orchard phyllosphere interannual sampling	organic material [ENVO:01000155]
3750	Malus domestica	2022-2-ASB-LI-LE-2_ITS	Malus domestica phyllosphere ITS amplicons	ITS1 gene  (ITS1F - ITS2) amplicon reads	2022-07-07	Canada	Université de Sherbrooke	orchard [ENVO:00000115]	leaf [ENVO:00000115]	Orchard phyllosphere interannual sampling	organic material [ENVO:01000155]
3750	Malus domestica	2022-2-ASB-LI-LE-3_ITS	Malus domestica phyllosphere ITS amplicons	ITS1 gene  (ITS1F - ITS2) amplicon reads	2022-07-07	Canada	Université de Sherbrooke	orchard [ENVO:00000115]	leaf [ENVO:00000115]	Orchard phyllosphere interannual sampling	organic material [ENVO:01000155]
3750	Malus domestica	2022-2-ASB-PR-LE-1_ITS	Malus domestica phyllosphere ITS amplicons	ITS1 gene  (ITS1F - ITS2) amplicon reads	2022-07-07	Canada	Université de Sherbrooke	orchard [ENVO:00000115]	leaf [ENVO:00000115]	Orchard phyllosphere interannual sampling	organic material [ENVO:01000155]
3750	Malus domestica	2022-2-ASB-PR-LE-2_ITS	Malus domestica phyllosphere ITS amplicons	ITS1 gene  (ITS1F - ITS2) amplicon reads	2022-07-07	Canada	Université de Sherbrooke	orchard [ENVO:00000115]	leaf [ENVO:00000115]	Orchard phyllosphere interannual sampling	organic material [ENVO:01000155]
3750	Malus domestica	2022-2-ASB-PR-LE-3_ITS	Malus domestica phyllosphere ITS amplicons	ITS1 gene  (ITS1F - ITS2) amplicon reads	2022-07-07	Canada	Université de Sherbrooke	orchard [ENVO:00000115]	leaf [ENVO:00000115]	Orchard phyllosphere interannual sampling	organic material [ENVO:01000155]
3750	Malus domestica	2022-2-PMB-CL-LE-1_ITS	Malus domestica phyllosphere ITS amplicons	ITS1 gene  (ITS1F - ITS2) amplicon reads	2022-07-11	Canada	Université de Sherbrooke	orchard [ENVO:00000115]	leaf [ENVO:00000115]	Orchard phyllosphere interannual sampling	organic material [ENVO:01000155]
3750	Malus domestica	2022-2-PMB-CL-LE-2_ITS	Malus domestica phyllosphere ITS amplicons	ITS1 gene  (ITS1F - ITS2) amplicon reads	2022-07-11	Canada	Université de Sherbrooke	orchard [ENVO:00000115]	leaf [ENVO:00000115]	Orchard phyllosphere interannual sampling	organic material [ENVO:01000155]
3750	Malus domestica	2022-2-PMB-CL-LE-3_ITS	Malus domestica phyllosphere ITS amplicons	ITS1 gene  (ITS1F - ITS2) amplicon reads	2022-07-11	Canada	Université de Sherbrooke	orchard [ENVO:00000115]	leaf [ENVO:00000115]	Orchard phyllosphere interannual sampling	organic material [ENVO:01000155]
3750	Malus domestica	2022-2-PMB-LI-LE-1_ITS	Malus domestica phyllosphere ITS amplicons	ITS1 gene  (ITS1F - ITS2) amplicon reads	2022-07-11	Canada	Université de Sherbrooke	orchard [ENVO:00000115]	leaf [ENVO:00000115]	Orchard phyllosphere interannual sampling	organic material [ENVO:01000155]
3750	Malus domestica	2022-2-PMB-LI-LE-2_ITS	Malus domestica phyllosphere ITS amplicons	ITS1 gene  (ITS1F - ITS2) amplicon reads	2022-07-11	Canada	Université de Sherbrooke	orchard [ENVO:00000115]	leaf [ENVO:00000115]	Orchard phyllosphere interannual sampling	organic material [ENVO:01000155]
3750	Malus domestica	2022-2-PMB-LI-LE-3_ITS	Malus domestica phyllosphere ITS amplicons	ITS1 gene  (ITS1F - ITS2) amplicon reads	2022-07-11	Canada	Université de Sherbrooke	orchard [ENVO:00000115]	leaf [ENVO:00000115]	Orchard phyllosphere interannual sampling	organic material [ENVO:01000155]
3750	Malus domestica	2022-2-PMB-PR-LE-1_ITS	Malus domestica phyllosphere ITS amplicons	ITS1 gene  (ITS1F - ITS2) amplicon reads	2022-07-11	Canada	Université de Sherbrooke	orchard [ENVO:00000115]	leaf [ENVO:00000115]	Orchard phyllosphere interannual sampling	organic material [ENVO:01000155]
3750	Malus domestica	2022-2-PMB-PR-LE-2_ITS	Malus domestica phyllosphere ITS amplicons	ITS1 gene  (ITS1F - ITS2) amplicon reads	2022-07-11	Canada	Université de Sherbrooke	orchard [ENVO:00000115]	leaf [ENVO:00000115]	Orchard phyllosphere interannual sampling	organic material [ENVO:01000155]
3750	Malus domestica	2022-2-PMB-PR-LE-3_ITS	Malus domestica phyllosphere ITS amplicons	ITS1 gene  (ITS1F - ITS2) amplicon reads	2022-07-11	Canada	Université de Sherbrooke	orchard [ENVO:00000115]	leaf [ENVO:00000115]	Orchard phyllosphere interannual sampling	organic material [ENVO:01000155]
3750	Malus domestica	2022-2-VBS-CL-LE-1_ITS	Malus domestica phyllosphere ITS amplicons	ITS1 gene  (ITS1F - ITS2) amplicon reads	2022-07-07	Canada	Université de Sherbrooke	orchard [ENVO:00000115]	leaf [ENVO:00000115]	Orchard phyllosphere interannual sampling	organic material [ENVO:01000155]
3750	Malus domestica	2022-2-VBS-CL-LE-2_ITS	Malus domestica phyllosphere ITS amplicons	ITS1 gene  (ITS1F - ITS2) amplicon reads	2022-07-07	Canada	Université de Sherbrooke	orchard [ENVO:00000115]	leaf [ENVO:00000115]	Orchard phyllosphere interannual sampling	organic material [ENVO:01000155]
3750	Malus domestica	2022-2-VBS-CL-LE-3_ITS	Malus domestica phyllosphere ITS amplicons	ITS1 gene  (ITS1F - ITS2) amplicon reads	2022-07-07	Canada	Université de Sherbrooke	orchard [ENVO:00000115]	leaf [ENVO:00000115]	Orchard phyllosphere interannual sampling	organic material [ENVO:01000155]
3750	Malus domestica	2022-2-VBS-LI-LE-1_ITS	Malus domestica phyllosphere ITS amplicons	ITS1 gene  (ITS1F - ITS2) amplicon reads	2022-07-07	Canada	Université de Sherbrooke	orchard [ENVO:00000115]	leaf [ENVO:00000115]	Orchard phyllosphere interannual sampling	organic material [ENVO:01000155]
3750	Malus domestica	2022-2-VBS-LI-LE-2_ITS	Malus domestica phyllosphere ITS amplicons	ITS1 gene  (ITS1F - ITS2) amplicon reads	2022-07-07	Canada	Université de Sherbrooke	orchard [ENVO:00000115]	leaf [ENVO:00000115]	Orchard phyllosphere interannual sampling	organic material [ENVO:01000155]
3750	Malus domestica	2022-2-VBS-LI-LE-3_ITS	Malus domestica phyllosphere ITS amplicons	ITS1 gene  (ITS1F - ITS2) amplicon reads	2022-07-07	Canada	Université de Sherbrooke	orchard [ENVO:00000115]	leaf [ENVO:00000115]	Orchard phyllosphere interannual sampling	organic material [ENVO:01000155]
3750	Malus domestica	2022-2-VBS-PR-LE-1_ITS	Malus domestica phyllosphere ITS amplicons	ITS1 gene  (ITS1F - ITS2) amplicon reads	2022-07-07	Canada	Université de Sherbrooke	orchard [ENVO:00000115]	leaf [ENVO:00000115]	Orchard phyllosphere interannual sampling	organic material [ENVO:01000155]
3750	Malus domestica	2022-2-VBS-PR-LE-2_ITS	Malus domestica phyllosphere ITS amplicons	ITS1 gene  (ITS1F - ITS2) amplicon reads	2022-07-07	Canada	Université de Sherbrooke	orchard [ENVO:00000115]	leaf [ENVO:00000115]	Orchard phyllosphere interannual sampling	organic material [ENVO:01000155]
3750	Malus domestica	2022-2-VBS-PR-LE-3_ITS	Malus domestica phyllosphere ITS amplicons	ITS1 gene  (ITS1F - ITS2) amplicon reads	2022-07-07	Canada	Université de Sherbrooke	orchard [ENVO:00000115]	leaf [ENVO:00000115]	Orchard phyllosphere interannual sampling	organic material [ENVO:01000155]
3750	Malus domestica	2023-1-ASB-CL-LE-1_ITS	Malus domestica phyllosphere ITS amplicons	ITS1 gene  (ITS1F - ITS2) amplicon reads	2023-05-15	Canada	Université de Sherbrooke	orchard [ENVO:00000115]	leaf [ENVO:00000115]	Orchard phyllosphere interannual sampling	organic material [ENVO:01000155]
3750	Malus domestica	2023-1-ASB-CL-LE-2_ITS	Malus domestica phyllosphere ITS amplicons	ITS1 gene  (ITS1F - ITS2) amplicon reads	2023-05-15	Canada	Université de Sherbrooke	orchard [ENVO:00000115]	leaf [ENVO:00000115]	Orchard phyllosphere interannual sampling	organic material [ENVO:01000155]
3750	Malus domestica	2023-1-ASB-CL-LE-3_ITS	Malus domestica phyllosphere ITS amplicons	ITS1 gene  (ITS1F - ITS2) amplicon reads	2023-05-15	Canada	Université de Sherbrooke	orchard [ENVO:00000115]	leaf [ENVO:00000115]	Orchard phyllosphere interannual sampling	organic material [ENVO:01000155]
3750	Malus domestica	2023-1-ASB-LI-LE-1_ITS	Malus domestica phyllosphere ITS amplicons	ITS1 gene  (ITS1F - ITS2) amplicon reads	2023-05-15	Canada	Université de Sherbrooke	orchard [ENVO:00000115]	leaf [ENVO:00000115]	Orchard phyllosphere interannual sampling	organic material [ENVO:01000155]
3750	Malus domestica	2023-1-ASB-LI-LE-2_ITS	Malus domestica phyllosphere ITS amplicons	ITS1 gene  (ITS1F - ITS2) amplicon reads	2023-05-15	Canada	Université de Sherbrooke	orchard [ENVO:00000115]	leaf [ENVO:00000115]	Orchard phyllosphere interannual sampling	organic material [ENVO:01000155]
3750	Malus domestica	2023-1-ASB-LI-LE-3_ITS	Malus domestica phyllosphere ITS amplicons	ITS1 gene  (ITS1F - ITS2) amplicon reads	2023-05-15	Canada	Université de Sherbrooke	orchard [ENVO:00000115]	leaf [ENVO:00000115]	Orchard phyllosphere interannual sampling	organic material [ENVO:01000155]
3750	Malus domestica	2023-1-ASB-PR-LE-1_ITS	Malus domestica phyllosphere ITS amplicons	ITS1 gene  (ITS1F - ITS2) amplicon reads	2023-05-15	Canada	Université de Sherbrooke	orchard [ENVO:00000115]	leaf [ENVO:00000115]	Orchard phyllosphere interannual sampling	organic material [ENVO:01000155]
3750	Malus domestica	2023-1-ASB-PR-LE-2_ITS	Malus domestica phyllosphere ITS amplicons	ITS1 gene  (ITS1F - ITS2) amplicon reads	2023-05-15	Canada	Université de Sherbrooke	orchard [ENVO:00000115]	leaf [ENVO:00000115]	Orchard phyllosphere interannual sampling	organic material [ENVO:01000155]
3750	Malus domestica	2023-1-ASB-PR-LE-3_ITS	Malus domestica phyllosphere ITS amplicons	ITS1 gene  (ITS1F - ITS2) amplicon reads	2023-05-15	Canada	Université de Sherbrooke	orchard [ENVO:00000115]	leaf [ENVO:00000115]	Orchard phyllosphere interannual sampling	organic material [ENVO:01000155]
3750	Malus domestica	2023-1-COM-HC-LE-1_ITS	Malus domestica phyllosphere ITS amplicons	ITS1 gene  (ITS1F - ITS2) amplicon reads	2023-05-15	Canada	Université de Sherbrooke	orchard [ENVO:00000115]	leaf [ENVO:00000115]	Orchard phyllosphere interannual sampling	organic material [ENVO:01000155]
3750	Malus domestica	2023-1-COM-HC-LE-2_ITS	Malus domestica phyllosphere ITS amplicons	ITS1 gene  (ITS1F - ITS2) amplicon reads	2023-05-15	Canada	Université de Sherbrooke	orchard [ENVO:00000115]	leaf [ENVO:00000115]	Orchard phyllosphere interannual sampling	organic material [ENVO:01000155]
3750	Malus domestica	2023-1-COM-HC-LE-3_ITS	Malus domestica phyllosphere ITS amplicons	ITS1 gene  (ITS1F - ITS2) amplicon reads	2023-05-15	Canada	Université de Sherbrooke	orchard [ENVO:00000115]	leaf [ENVO:00000115]	Orchard phyllosphere interannual sampling	organic material [ENVO:01000155]
3750	Malus domestica	2023-1-COM-SP-LE-1_ITS	Malus domestica phyllosphere ITS amplicons	ITS1 gene  (ITS1F - ITS2) amplicon reads	2023-05-15	Canada	Université de Sherbrooke	orchard [ENVO:00000115]	leaf [ENVO:00000115]	Orchard phyllosphere interannual sampling	organic material [ENVO:01000155]
3750	Malus domestica	2023-1-COM-SP-LE-2_ITS	Malus domestica phyllosphere ITS amplicons	ITS1 gene  (ITS1F - ITS2) amplicon reads	2023-05-15	Canada	Université de Sherbrooke	orchard [ENVO:00000115]	leaf [ENVO:00000115]	Orchard phyllosphere interannual sampling	organic material [ENVO:01000155]
3750	Malus domestica	2023-1-COM-SP-LE-3_ITS	Malus domestica phyllosphere ITS amplicons	ITS1 gene  (ITS1F - ITS2) amplicon reads	2023-05-15	Canada	Université de Sherbrooke	orchard [ENVO:00000115]	leaf [ENVO:00000115]	Orchard phyllosphere interannual sampling	organic material [ENVO:01000155]
3750	Malus domestica	2023-1-MIB-HC-LE-1_ITS	Malus domestica phyllosphere ITS amplicons	ITS1 gene  (ITS1F - ITS2) amplicon reads	2023-05-25	Canada	Université de Sherbrooke	orchard [ENVO:00000115]	leaf [ENVO:00000115]	Orchard phyllosphere interannual sampling	organic material [ENVO:01000155]
3750	Malus domestica	2023-1-MIB-HC-LE-2_ITS	Malus domestica phyllosphere ITS amplicons	ITS1 gene  (ITS1F - ITS2) amplicon reads	2023-05-25	Canada	Université de Sherbrooke	orchard [ENVO:00000115]	leaf [ENVO:00000115]	Orchard phyllosphere interannual sampling	organic material [ENVO:01000155]
3750	Malus domestica	2023-1-MIB-HC-LE-3_ITS	Malus domestica phyllosphere ITS amplicons	ITS1 gene  (ITS1F - ITS2) amplicon reads	2023-05-25	Canada	Université de Sherbrooke	orchard [ENVO:00000115]	leaf [ENVO:00000115]	Orchard phyllosphere interannual sampling	organic material [ENVO:01000155]
3750	Malus domestica	2023-1-MIB-SP-LE-1_ITS	Malus domestica phyllosphere ITS amplicons	ITS1 gene  (ITS1F - ITS2) amplicon reads	2023-05-25	Canada	Université de Sherbrooke	orchard [ENVO:00000115]	leaf [ENVO:00000115]	Orchard phyllosphere interannual sampling	organic material [ENVO:01000155]
3750	Malus domestica	2023-1-MIB-SP-LE-2_ITS	Malus domestica phyllosphere ITS amplicons	ITS1 gene  (ITS1F - ITS2) amplicon reads	2023-05-25	Canada	Université de Sherbrooke	orchard [ENVO:00000115]	leaf [ENVO:00000115]	Orchard phyllosphere interannual sampling	organic material [ENVO:01000155]
3750	Malus domestica	2023-1-MIB-SP-LE-3_ITS	Malus domestica phyllosphere ITS amplicons	ITS1 gene  (ITS1F - ITS2) amplicon reads	2023-05-25	Canada	Université de Sherbrooke	orchard [ENVO:00000115]	leaf [ENVO:00000115]	Orchard phyllosphere interannual sampling	organic material [ENVO:01000155]
3750	Malus domestica	2023-1-MIC-HC-LE-1_ITS	Malus domestica phyllosphere ITS amplicons	ITS1 gene  (ITS1F - ITS2) amplicon reads	2023-05-25	Canada	Université de Sherbrooke	orchard [ENVO:00000115]	leaf [ENVO:00000115]	Orchard phyllosphere interannual sampling	organic material [ENVO:01000155]
3750	Malus domestica	2023-1-MIC-HC-LE-2_ITS	Malus domestica phyllosphere ITS amplicons	ITS1 gene  (ITS1F - ITS2) amplicon reads	2023-05-25	Canada	Université de Sherbrooke	orchard [ENVO:00000115]	leaf [ENVO:00000115]	Orchard phyllosphere interannual sampling	organic material [ENVO:01000155]
3750	Malus domestica	2023-1-MIC-HC-LE-3_ITS	Malus domestica phyllosphere ITS amplicons	ITS1 gene  (ITS1F - ITS2) amplicon reads	2023-05-25	Canada	Université de Sherbrooke	orchard [ENVO:00000115]	leaf [ENVO:00000115]	Orchard phyllosphere interannual sampling	organic material [ENVO:01000155]
3750	Malus domestica	2023-1-MIC-SP-LE-1_ITS	Malus domestica phyllosphere ITS amplicons	ITS1 gene  (ITS1F - ITS2) amplicon reads	2023-05-25	Canada	Université de Sherbrooke	orchard [ENVO:00000115]	leaf [ENVO:00000115]	Orchard phyllosphere interannual sampling	organic material [ENVO:01000155]
3750	Malus domestica	2023-1-MIC-SP-LE-2_ITS	Malus domestica phyllosphere ITS amplicons	ITS1 gene  (ITS1F - ITS2) amplicon reads	2023-05-25	Canada	Université de Sherbrooke	orchard [ENVO:00000115]	leaf [ENVO:00000115]	Orchard phyllosphere interannual sampling	organic material [ENVO:01000155]
3750	Malus domestica	2023-1-MIC-SP-LE-3_ITS	Malus domestica phyllosphere ITS amplicons	ITS1 gene  (ITS1F - ITS2) amplicon reads	2023-05-25	Canada	Université de Sherbrooke	orchard [ENVO:00000115]	leaf [ENVO:00000115]	Orchard phyllosphere interannual sampling	organic material [ENVO:01000155]
3750	Malus domestica	2023-1-PMB-CL-LE-1_ITS	Malus domestica phyllosphere ITS amplicons	ITS1 gene  (ITS1F - ITS2) amplicon reads	2023-05-15	Canada	Université de Sherbrooke	orchard [ENVO:00000115]	leaf [ENVO:00000115]	Orchard phyllosphere interannual sampling	organic material [ENVO:01000155]
3750	Malus domestica	2023-1-PMB-CL-LE-2_ITS	Malus domestica phyllosphere ITS amplicons	ITS1 gene  (ITS1F - ITS2) amplicon reads	2023-05-15	Canada	Université de Sherbrooke	orchard [ENVO:00000115]	leaf [ENVO:00000115]	Orchard phyllosphere interannual sampling	organic material [ENVO:01000155]
3750	Malus domestica	2023-1-PMB-CL-LE-3_ITS	Malus domestica phyllosphere ITS amplicons	ITS1 gene  (ITS1F - ITS2) amplicon reads	2023-05-15	Canada	Université de Sherbrooke	orchard [ENVO:00000115]	leaf [ENVO:00000115]	Orchard phyllosphere interannual sampling	organic material [ENVO:01000155]
3750	Malus domestica	2023-1-PMB-HC-LE-1_ITS	Malus domestica phyllosphere ITS amplicons	ITS1 gene  (ITS1F - ITS2) amplicon reads	2023-05-15	Canada	Université de Sherbrooke	orchard [ENVO:00000115]	leaf [ENVO:00000115]	Orchard phyllosphere interannual sampling	organic material [ENVO:01000155]
3750	Malus domestica	2023-1-PMB-HC-LE-2_ITS	Malus domestica phyllosphere ITS amplicons	ITS1 gene  (ITS1F - ITS2) amplicon reads	2023-05-15	Canada	Université de Sherbrooke	orchard [ENVO:00000115]	leaf [ENVO:00000115]	Orchard phyllosphere interannual sampling	organic material [ENVO:01000155]
3750	Malus domestica	2023-1-PMB-HC-LE-3_ITS	Malus domestica phyllosphere ITS amplicons	ITS1 gene  (ITS1F - ITS2) amplicon reads	2023-05-15	Canada	Université de Sherbrooke	orchard [ENVO:00000115]	leaf [ENVO:00000115]	Orchard phyllosphere interannual sampling	organic material [ENVO:01000155]
3750	Malus domestica	2023-1-PMB-LI-LE-1_ITS	Malus domestica phyllosphere ITS amplicons	ITS1 gene  (ITS1F - ITS2) amplicon reads	2023-05-15	Canada	Université de Sherbrooke	orchard [ENVO:00000115]	leaf [ENVO:00000115]	Orchard phyllosphere interannual sampling	organic material [ENVO:01000155]
3750	Malus domestica	2023-1-PMB-LI-LE-2_ITS	Malus domestica phyllosphere ITS amplicons	ITS1 gene  (ITS1F - ITS2) amplicon reads	2023-05-15	Canada	Université de Sherbrooke	orchard [ENVO:00000115]	leaf [ENVO:00000115]	Orchard phyllosphere interannual sampling	organic material [ENVO:01000155]
3750	Malus domestica	2023-1-PMB-LI-LE-3_ITS	Malus domestica phyllosphere ITS amplicons	ITS1 gene  (ITS1F - ITS2) amplicon reads	2023-05-15	Canada	Université de Sherbrooke	orchard [ENVO:00000115]	leaf [ENVO:00000115]	Orchard phyllosphere interannual sampling	organic material [ENVO:01000155]
3750	Malus domestica	2023-1-PMB-PR-LE-3_ITS	Malus domestica phyllosphere ITS amplicons	ITS1 gene  (ITS1F - ITS2) amplicon reads	2023-05-15	Canada	Université de Sherbrooke	orchard [ENVO:00000115]	leaf [ENVO:00000115]	Orchard phyllosphere interannual sampling	organic material [ENVO:01000155]
3750	Malus domestica	2023-1-PMB-SP-LE-1_ITS	Malus domestica phyllosphere ITS amplicons	ITS1 gene  (ITS1F - ITS2) amplicon reads	2023-05-15	Canada	Université de Sherbrooke	orchard [ENVO:00000115]	leaf [ENVO:00000115]	Orchard phyllosphere interannual sampling	organic material [ENVO:01000155]
3750	Malus domestica	2023-1-PMB-SP-LE-2_ITS	Malus domestica phyllosphere ITS amplicons	ITS1 gene  (ITS1F - ITS2) amplicon reads	2023-05-15	Canada	Université de Sherbrooke	orchard [ENVO:00000115]	leaf [ENVO:00000115]	Orchard phyllosphere interannual sampling	organic material [ENVO:01000155]
3750	Malus domestica	2023-1-PMB-SP-LE-3_ITS	Malus domestica phyllosphere ITS amplicons	ITS1 gene  (ITS1F - ITS2) amplicon reads	2023-05-15	Canada	Université de Sherbrooke	orchard [ENVO:00000115]	leaf [ENVO:00000115]	Orchard phyllosphere interannual sampling	organic material [ENVO:01000155]
3750	Malus domestica	2023-1-PMP-PR-LE-1_ITS	Malus domestica phyllosphere ITS amplicons	ITS1 gene  (ITS1F - ITS2) amplicon reads	2023-05-15	Canada	Université de Sherbrooke	orchard [ENVO:00000115]	leaf [ENVO:00000115]	Orchard phyllosphere interannual sampling	organic material [ENVO:01000155]
3750	Malus domestica	2023-1-PMP-PR-LE-2_ITS	Malus domestica phyllosphere ITS amplicons	ITS1 gene  (ITS1F - ITS2) amplicon reads	2023-05-15	Canada	Université de Sherbrooke	orchard [ENVO:00000115]	leaf [ENVO:00000115]	Orchard phyllosphere interannual sampling	organic material [ENVO:01000155]
3750	Malus domestica	2023-1-VBS-CL-LE-1_ITS	Malus domestica phyllosphere ITS amplicons	ITS1 gene  (ITS1F - ITS2) amplicon reads	2023-05-23	Canada	Université de Sherbrooke	orchard [ENVO:00000115]	leaf [ENVO:00000115]	Orchard phyllosphere interannual sampling	organic material [ENVO:01000155]
3750	Malus domestica	2023-1-VBS-CL-LE-2_ITS	Malus domestica phyllosphere ITS amplicons	ITS1 gene  (ITS1F - ITS2) amplicon reads	2023-05-23	Canada	Université de Sherbrooke	orchard [ENVO:00000115]	leaf [ENVO:00000115]	Orchard phyllosphere interannual sampling	organic material [ENVO:01000155]
3750	Malus domestica	2023-1-VBS-CL-LE-3_ITS	Malus domestica phyllosphere ITS amplicons	ITS1 gene  (ITS1F - ITS2) amplicon reads	2023-05-23	Canada	Université de Sherbrooke	orchard [ENVO:00000115]	leaf [ENVO:00000115]	Orchard phyllosphere interannual sampling	organic material [ENVO:01000155]
3750	Malus domestica	2023-1-VBS-LI-LE-1_ITS	Malus domestica phyllosphere ITS amplicons	ITS1 gene  (ITS1F - ITS2) amplicon reads	2023-05-23	Canada	Université de Sherbrooke	orchard [ENVO:00000115]	leaf [ENVO:00000115]	Orchard phyllosphere interannual sampling	organic material [ENVO:01000155]
3750	Malus domestica	2023-1-VBS-LI-LE-2_ITS	Malus domestica phyllosphere ITS amplicons	ITS1 gene  (ITS1F - ITS2) amplicon reads	2023-05-23	Canada	Université de Sherbrooke	orchard [ENVO:00000115]	leaf [ENVO:00000115]	Orchard phyllosphere interannual sampling	organic material [ENVO:01000155]
3750	Malus domestica	2023-1-VBS-LI-LE-3_ITS	Malus domestica phyllosphere ITS amplicons	ITS1 gene  (ITS1F - ITS2) amplicon reads	2023-05-23	Canada	Université de Sherbrooke	orchard [ENVO:00000115]	leaf [ENVO:00000115]	Orchard phyllosphere interannual sampling	organic material [ENVO:01000155]
3750	Malus domestica	2023-1-VBS-PR-LE-1_ITS	Malus domestica phyllosphere ITS amplicons	ITS1 gene  (ITS1F - ITS2) amplicon reads	2023-05-23	Canada	Université de Sherbrooke	orchard [ENVO:00000115]	leaf [ENVO:00000115]	Orchard phyllosphere interannual sampling	organic material [ENVO:01000155]
3750	Malus domestica	2023-1-VBS-PR-LE-2_ITS	Malus domestica phyllosphere ITS amplicons	ITS1 gene  (ITS1F - ITS2) amplicon reads	2023-05-23	Canada	Université de Sherbrooke	orchard [ENVO:00000115]	leaf [ENVO:00000115]	Orchard phyllosphere interannual sampling	organic material [ENVO:01000155]
3750	Malus domestica	2023-1-VBS-PR-LE-3_ITS	Malus domestica phyllosphere ITS amplicons	ITS1 gene  (ITS1F - ITS2) amplicon reads	2023-05-23	Canada	Université de Sherbrooke	orchard [ENVO:00000115]	leaf [ENVO:00000115]	Orchard phyllosphere interannual sampling	organic material [ENVO:01000155]
3750	Malus domestica	2023-2-ASB-CL-LE-1_ITS	Malus domestica phyllosphere ITS amplicons	ITS1 gene  (ITS1F - ITS2) amplicon reads	2023-07-19	Canada	Université de Sherbrooke	orchard [ENVO:00000115]	leaf [ENVO:00000115]	Orchard phyllosphere interannual sampling	organic material [ENVO:01000155]
3750	Malus domestica	2023-2-ASB-CL-LE-2_ITS	Malus domestica phyllosphere ITS amplicons	ITS1 gene  (ITS1F - ITS2) amplicon reads	2023-07-19	Canada	Université de Sherbrooke	orchard [ENVO:00000115]	leaf [ENVO:00000115]	Orchard phyllosphere interannual sampling	organic material [ENVO:01000155]
3750	Malus domestica	2023-2-ASB-CL-LE-3_ITS	Malus domestica phyllosphere ITS amplicons	ITS1 gene  (ITS1F - ITS2) amplicon reads	2023-07-19	Canada	Université de Sherbrooke	orchard [ENVO:00000115]	leaf [ENVO:00000115]	Orchard phyllosphere interannual sampling	organic material [ENVO:01000155]
3750	Malus domestica	2023-2-ASB-LI-LE-1_ITS	Malus domestica phyllosphere ITS amplicons	ITS1 gene  (ITS1F - ITS2) amplicon reads	2023-07-19	Canada	Université de Sherbrooke	orchard [ENVO:00000115]	leaf [ENVO:00000115]	Orchard phyllosphere interannual sampling	organic material [ENVO:01000155]
3750	Malus domestica	2023-2-ASB-LI-LE-2_ITS	Malus domestica phyllosphere ITS amplicons	ITS1 gene  (ITS1F - ITS2) amplicon reads	2023-07-19	Canada	Université de Sherbrooke	orchard [ENVO:00000115]	leaf [ENVO:00000115]	Orchard phyllosphere interannual sampling	organic material [ENVO:01000155]
3750	Malus domestica	2023-2-ASB-LI-LE-3_ITS	Malus domestica phyllosphere ITS amplicons	ITS1 gene  (ITS1F - ITS2) amplicon reads	2023-07-19	Canada	Université de Sherbrooke	orchard [ENVO:00000115]	leaf [ENVO:00000115]	Orchard phyllosphere interannual sampling	organic material [ENVO:01000155]
3750	Malus domestica	2023-2-ASB-PR-LE-1_ITS	Malus domestica phyllosphere ITS amplicons	ITS1 gene  (ITS1F - ITS2) amplicon reads	2023-07-19	Canada	Université de Sherbrooke	orchard [ENVO:00000115]	leaf [ENVO:00000115]	Orchard phyllosphere interannual sampling	organic material [ENVO:01000155]
3750	Malus domestica	2023-2-ASB-PR-LE-2_ITS	Malus domestica phyllosphere ITS amplicons	ITS1 gene  (ITS1F - ITS2) amplicon reads	2023-07-19	Canada	Université de Sherbrooke	orchard [ENVO:00000115]	leaf [ENVO:00000115]	Orchard phyllosphere interannual sampling	organic material [ENVO:01000155]
3750	Malus domestica	2023-2-ASB-PR-LE-3_ITS	Malus domestica phyllosphere ITS amplicons	ITS1 gene  (ITS1F - ITS2) amplicon reads	2023-07-19	Canada	Université de Sherbrooke	orchard [ENVO:00000115]	leaf [ENVO:00000115]	Orchard phyllosphere interannual sampling	organic material [ENVO:01000155]
3750	Malus domestica	2023-2-COM-HC-LE-1_ITS	Malus domestica phyllosphere ITS amplicons	ITS1 gene  (ITS1F - ITS2) amplicon reads	2023-07-17	Canada	Université de Sherbrooke	orchard [ENVO:00000115]	leaf [ENVO:00000115]	Orchard phyllosphere interannual sampling	organic material [ENVO:01000155]
3750	Malus domestica	2023-2-COM-HC-LE-2_ITS	Malus domestica phyllosphere ITS amplicons	ITS1 gene  (ITS1F - ITS2) amplicon reads	2023-07-17	Canada	Université de Sherbrooke	orchard [ENVO:00000115]	leaf [ENVO:00000115]	Orchard phyllosphere interannual sampling	organic material [ENVO:01000155]
3750	Malus domestica	2023-2-COM-HC-LE-3_ITS	Malus domestica phyllosphere ITS amplicons	ITS1 gene  (ITS1F - ITS2) amplicon reads	2023-07-17	Canada	Université de Sherbrooke	orchard [ENVO:00000115]	leaf [ENVO:00000115]	Orchard phyllosphere interannual sampling	organic material [ENVO:01000155]
3750	Malus domestica	2023-2-COM-SP-LE-1_ITS	Malus domestica phyllosphere ITS amplicons	ITS1 gene  (ITS1F - ITS2) amplicon reads	2023-07-17	Canada	Université de Sherbrooke	orchard [ENVO:00000115]	leaf [ENVO:00000115]	Orchard phyllosphere interannual sampling	organic material [ENVO:01000155]
3750	Malus domestica	2023-2-COM-SP-LE-2_ITS	Malus domestica phyllosphere ITS amplicons	ITS1 gene  (ITS1F - ITS2) amplicon reads	2023-07-17	Canada	Université de Sherbrooke	orchard [ENVO:00000115]	leaf [ENVO:00000115]	Orchard phyllosphere interannual sampling	organic material [ENVO:01000155]
3750	Malus domestica	2023-2-COM-SP-LE-3_ITS	Malus domestica phyllosphere ITS amplicons	ITS1 gene  (ITS1F - ITS2) amplicon reads	2023-07-17	Canada	Université de Sherbrooke	orchard [ENVO:00000115]	leaf [ENVO:00000115]	Orchard phyllosphere interannual sampling	organic material [ENVO:01000155]
3750	Malus domestica	2023-2-MIB-HC-LE-1_ITS	Malus domestica phyllosphere ITS amplicons	ITS1 gene  (ITS1F - ITS2) amplicon reads	2023-07-21	Canada	Université de Sherbrooke	orchard [ENVO:00000115]	leaf [ENVO:00000115]	Orchard phyllosphere interannual sampling	organic material [ENVO:01000155]
3750	Malus domestica	2023-2-MIB-HC-LE-2_ITS	Malus domestica phyllosphere ITS amplicons	ITS1 gene  (ITS1F - ITS2) amplicon reads	2023-07-21	Canada	Université de Sherbrooke	orchard [ENVO:00000115]	leaf [ENVO:00000115]	Orchard phyllosphere interannual sampling	organic material [ENVO:01000155]
3750	Malus domestica	2023-2-MIB-HC-LE-3_ITS	Malus domestica phyllosphere ITS amplicons	ITS1 gene  (ITS1F - ITS2) amplicon reads	2023-07-21	Canada	Université de Sherbrooke	orchard [ENVO:00000115]	leaf [ENVO:00000115]	Orchard phyllosphere interannual sampling	organic material [ENVO:01000155]
3750	Malus domestica	2023-2-MIB-SP-LE-1_ITS	Malus domestica phyllosphere ITS amplicons	ITS1 gene  (ITS1F - ITS2) amplicon reads	2023-07-21	Canada	Université de Sherbrooke	orchard [ENVO:00000115]	leaf [ENVO:00000115]	Orchard phyllosphere interannual sampling	organic material [ENVO:01000155]
3750	Malus domestica	2023-2-MIB-SP-LE-2_ITS	Malus domestica phyllosphere ITS amplicons	ITS1 gene  (ITS1F - ITS2) amplicon reads	2023-07-21	Canada	Université de Sherbrooke	orchard [ENVO:00000115]	leaf [ENVO:00000115]	Orchard phyllosphere interannual sampling	organic material [ENVO:01000155]
3750	Malus domestica	2023-2-MIB-SP-LE-3_ITS	Malus domestica phyllosphere ITS amplicons	ITS1 gene  (ITS1F - ITS2) amplicon reads	2023-07-21	Canada	Université de Sherbrooke	orchard [ENVO:00000115]	leaf [ENVO:00000115]	Orchard phyllosphere interannual sampling	organic material [ENVO:01000155]
3750	Malus domestica	2023-2-MIC-HC-LE-1_ITS	Malus domestica phyllosphere ITS amplicons	ITS1 gene  (ITS1F - ITS2) amplicon reads	2023-07-21	Canada	Université de Sherbrooke	orchard [ENVO:00000115]	leaf [ENVO:00000115]	Orchard phyllosphere interannual sampling	organic material [ENVO:01000155]
3750	Malus domestica	2023-2-MIC-HC-LE-2_ITS	Malus domestica phyllosphere ITS amplicons	ITS1 gene  (ITS1F - ITS2) amplicon reads	2023-07-21	Canada	Université de Sherbrooke	orchard [ENVO:00000115]	leaf [ENVO:00000115]	Orchard phyllosphere interannual sampling	organic material [ENVO:01000155]
3750	Malus domestica	2023-2-MIC-HC-LE-3_ITS	Malus domestica phyllosphere ITS amplicons	ITS1 gene  (ITS1F - ITS2) amplicon reads	2023-07-21	Canada	Université de Sherbrooke	orchard [ENVO:00000115]	leaf [ENVO:00000115]	Orchard phyllosphere interannual sampling	organic material [ENVO:01000155]
3750	Malus domestica	2023-2-MIC-SP-LE-1_ITS	Malus domestica phyllosphere ITS amplicons	ITS1 gene  (ITS1F - ITS2) amplicon reads	2023-07-21	Canada	Université de Sherbrooke	orchard [ENVO:00000115]	leaf [ENVO:00000115]	Orchard phyllosphere interannual sampling	organic material [ENVO:01000155]
3750	Malus domestica	2023-2-MIC-SP-LE-2_ITS	Malus domestica phyllosphere ITS amplicons	ITS1 gene  (ITS1F - ITS2) amplicon reads	2023-07-21	Canada	Université de Sherbrooke	orchard [ENVO:00000115]	leaf [ENVO:00000115]	Orchard phyllosphere interannual sampling	organic material [ENVO:01000155]
3750	Malus domestica	2023-2-MIC-SP-LE-3_ITS	Malus domestica phyllosphere ITS amplicons	ITS1 gene  (ITS1F - ITS2) amplicon reads	2023-07-21	Canada	Université de Sherbrooke	orchard [ENVO:00000115]	leaf [ENVO:00000115]	Orchard phyllosphere interannual sampling	organic material [ENVO:01000155]
3750	Malus domestica	2023-2-PMB-CL-LE-1_ITS	Malus domestica phyllosphere ITS amplicons	ITS1 gene  (ITS1F - ITS2) amplicon reads	2023-07-17	Canada	Université de Sherbrooke	orchard [ENVO:00000115]	leaf [ENVO:00000115]	Orchard phyllosphere interannual sampling	organic material [ENVO:01000155]
3750	Malus domestica	2023-2-PMB-CL-LE-2_ITS	Malus domestica phyllosphere ITS amplicons	ITS1 gene  (ITS1F - ITS2) amplicon reads	2023-07-17	Canada	Université de Sherbrooke	orchard [ENVO:00000115]	leaf [ENVO:00000115]	Orchard phyllosphere interannual sampling	organic material [ENVO:01000155]
3750	Malus domestica	2023-2-PMB-CL-LE-3_ITS	Malus domestica phyllosphere ITS amplicons	ITS1 gene  (ITS1F - ITS2) amplicon reads	2023-07-17	Canada	Université de Sherbrooke	orchard [ENVO:00000115]	leaf [ENVO:00000115]	Orchard phyllosphere interannual sampling	organic material [ENVO:01000155]
3750	Malus domestica	2023-2-PMB-HC-LE-1_ITS	Malus domestica phyllosphere ITS amplicons	ITS1 gene  (ITS1F - ITS2) amplicon reads	2023-07-17	Canada	Université de Sherbrooke	orchard [ENVO:00000115]	leaf [ENVO:00000115]	Orchard phyllosphere interannual sampling	organic material [ENVO:01000155]
3750	Malus domestica	2023-2-PMB-HC-LE-2_ITS	Malus domestica phyllosphere ITS amplicons	ITS1 gene  (ITS1F - ITS2) amplicon reads	2023-07-17	Canada	Université de Sherbrooke	orchard [ENVO:00000115]	leaf [ENVO:00000115]	Orchard phyllosphere interannual sampling	organic material [ENVO:01000155]
3750	Malus domestica	2023-2-PMB-HC-LE-3_ITS	Malus domestica phyllosphere ITS amplicons	ITS1 gene  (ITS1F - ITS2) amplicon reads	2023-07-17	Canada	Université de Sherbrooke	orchard [ENVO:00000115]	leaf [ENVO:00000115]	Orchard phyllosphere interannual sampling	organic material [ENVO:01000155]
3750	Malus domestica	2023-2-PMB-LI-LE-1_ITS	Malus domestica phyllosphere ITS amplicons	ITS1 gene  (ITS1F - ITS2) amplicon reads	2023-07-17	Canada	Université de Sherbrooke	orchard [ENVO:00000115]	leaf [ENVO:00000115]	Orchard phyllosphere interannual sampling	organic material [ENVO:01000155]
3750	Malus domestica	2023-2-PMB-LI-LE-2_ITS	Malus domestica phyllosphere ITS amplicons	ITS1 gene  (ITS1F - ITS2) amplicon reads	2023-07-17	Canada	Université de Sherbrooke	orchard [ENVO:00000115]	leaf [ENVO:00000115]	Orchard phyllosphere interannual sampling	organic material [ENVO:01000155]
3750	Malus domestica	2023-2-PMB-LI-LE-3_ITS	Malus domestica phyllosphere ITS amplicons	ITS1 gene  (ITS1F - ITS2) amplicon reads	2023-07-17	Canada	Université de Sherbrooke	orchard [ENVO:00000115]	leaf [ENVO:00000115]	Orchard phyllosphere interannual sampling	organic material [ENVO:01000155]
3750	Malus domestica	2023-2-PMB-PR-LE-1_ITS	Malus domestica phyllosphere ITS amplicons	ITS1 gene  (ITS1F - ITS2) amplicon reads	2023-07-17	Canada	Université de Sherbrooke	orchard [ENVO:00000115]	leaf [ENVO:00000115]	Orchard phyllosphere interannual sampling	organic material [ENVO:01000155]
3750	Malus domestica	2023-2-PMB-PR-LE-2_ITS	Malus domestica phyllosphere ITS amplicons	ITS1 gene  (ITS1F - ITS2) amplicon reads	2023-07-17	Canada	Université de Sherbrooke	orchard [ENVO:00000115]	leaf [ENVO:00000115]	Orchard phyllosphere interannual sampling	organic material [ENVO:01000155]
3750	Malus domestica	2023-2-PMB-PR-LE-3_ITS	Malus domestica phyllosphere ITS amplicons	ITS1 gene  (ITS1F - ITS2) amplicon reads	2023-07-17	Canada	Université de Sherbrooke	orchard [ENVO:00000115]	leaf [ENVO:00000115]	Orchard phyllosphere interannual sampling	organic material [ENVO:01000155]
3750	Malus domestica	2023-2-PMB-SP-LE-1_ITS	Malus domestica phyllosphere ITS amplicons	ITS1 gene  (ITS1F - ITS2) amplicon reads	2023-07-17	Canada	Université de Sherbrooke	orchard [ENVO:00000115]	leaf [ENVO:00000115]	Orchard phyllosphere interannual sampling	organic material [ENVO:01000155]
3750	Malus domestica	2023-2-PMB-SP-LE-2_ITS	Malus domestica phyllosphere ITS amplicons	ITS1 gene  (ITS1F - ITS2) amplicon reads	2023-07-17	Canada	Université de Sherbrooke	orchard [ENVO:00000115]	leaf [ENVO:00000115]	Orchard phyllosphere interannual sampling	organic material [ENVO:01000155]
3750	Malus domestica	2023-2-PMB-SP-LE-3_ITS	Malus domestica phyllosphere ITS amplicons	ITS1 gene  (ITS1F - ITS2) amplicon reads	2023-07-17	Canada	Université de Sherbrooke	orchard [ENVO:00000115]	leaf [ENVO:00000115]	Orchard phyllosphere interannual sampling	organic material [ENVO:01000155]
3750	Malus domestica	2023-2-VBS-CL-LE-1_ITS	Malus domestica phyllosphere ITS amplicons	ITS1 gene  (ITS1F - ITS2) amplicon reads	2023-07-19	Canada	Université de Sherbrooke	orchard [ENVO:00000115]	leaf [ENVO:00000115]	Orchard phyllosphere interannual sampling	organic material [ENVO:01000155]
3750	Malus domestica	2023-2-VBS-CL-LE-2_ITS	Malus domestica phyllosphere ITS amplicons	ITS1 gene  (ITS1F - ITS2) amplicon reads	2023-07-19	Canada	Université de Sherbrooke	orchard [ENVO:00000115]	leaf [ENVO:00000115]	Orchard phyllosphere interannual sampling	organic material [ENVO:01000155]
3750	Malus domestica	2023-2-VBS-CL-LE-3_ITS	Malus domestica phyllosphere ITS amplicons	ITS1 gene  (ITS1F - ITS2) amplicon reads	2023-07-19	Canada	Université de Sherbrooke	orchard [ENVO:00000115]	leaf [ENVO:00000115]	Orchard phyllosphere interannual sampling	organic material [ENVO:01000155]
3750	Malus domestica	2023-2-VBS-LI-LE-1_ITS	Malus domestica phyllosphere ITS amplicons	ITS1 gene  (ITS1F - ITS2) amplicon reads	2023-07-19	Canada	Université de Sherbrooke	orchard [ENVO:00000115]	leaf [ENVO:00000115]	Orchard phyllosphere interannual sampling	organic material [ENVO:01000155]
3750	Malus domestica	2023-2-VBS-LI-LE-2_ITS	Malus domestica phyllosphere ITS amplicons	ITS1 gene  (ITS1F - ITS2) amplicon reads	2023-07-19	Canada	Université de Sherbrooke	orchard [ENVO:00000115]	leaf [ENVO:00000115]	Orchard phyllosphere interannual sampling	organic material [ENVO:01000155]
3750	Malus domestica	2023-2-VBS-LI-LE-3_ITS	Malus domestica phyllosphere ITS amplicons	ITS1 gene  (ITS1F - ITS2) amplicon reads	2023-07-19	Canada	Université de Sherbrooke	orchard [ENVO:00000115]	leaf [ENVO:00000115]	Orchard phyllosphere interannual sampling	organic material [ENVO:01000155]
3750	Malus domestica	2023-2-VBS-PR-LE-1_ITS	Malus domestica phyllosphere ITS amplicons	ITS1 gene  (ITS1F - ITS2) amplicon reads	2023-07-19	Canada	Université de Sherbrooke	orchard [ENVO:00000115]	leaf [ENVO:00000115]	Orchard phyllosphere interannual sampling	organic material [ENVO:01000155]
3750	Malus domestica	2023-2-VBS-PR-LE-2_ITS	Malus domestica phyllosphere ITS amplicons	ITS1 gene  (ITS1F - ITS2) amplicon reads	2023-07-19	Canada	Université de Sherbrooke	orchard [ENVO:00000115]	leaf [ENVO:00000115]	Orchard phyllosphere interannual sampling	organic material [ENVO:01000155]
3750	Malus domestica	2023-2-VBS-PR-LE-3_ITS	Malus domestica phyllosphere ITS amplicons	ITS1 gene  (ITS1F - ITS2) amplicon reads	2023-07-19	Canada	Université de Sherbrooke	orchard [ENVO:00000115]	leaf [ENVO:00000115]	Orchard phyllosphere interannual sampling	organic material [ENVO:01000155]
3750	Malus domestica	2024-1-ASB-CL-LE-1_ITS	Malus domestica phyllosphere ITS amplicons	ITS1 gene  (ITS1F - ITS2) amplicon reads	2024-05-21	Canada	Université de Sherbrooke	orchard [ENVO:00000115]	leaf [ENVO:00000115]	Orchard phyllosphere interannual sampling	organic material [ENVO:01000155]
3750	Malus domestica	2024-1-ASB-CL-LE-2_ITS	Malus domestica phyllosphere ITS amplicons	ITS1 gene  (ITS1F - ITS2) amplicon reads	2024-05-21	Canada	Université de Sherbrooke	orchard [ENVO:00000115]	leaf [ENVO:00000115]	Orchard phyllosphere interannual sampling	organic material [ENVO:01000155]
3750	Malus domestica	2024-1-ASB-CL-LE-3_ITS	Malus domestica phyllosphere ITS amplicons	ITS1 gene  (ITS1F - ITS2) amplicon reads	2024-05-21	Canada	Université de Sherbrooke	orchard [ENVO:00000115]	leaf [ENVO:00000115]	Orchard phyllosphere interannual sampling	organic material [ENVO:01000155]
3750	Malus domestica	2024-1-ASB-LI-LE-1_ITS	Malus domestica phyllosphere ITS amplicons	ITS1 gene  (ITS1F - ITS2) amplicon reads	2024-05-21	Canada	Université de Sherbrooke	orchard [ENVO:00000115]	leaf [ENVO:00000115]	Orchard phyllosphere interannual sampling	organic material [ENVO:01000155]
3750	Malus domestica	2024-1-ASB-LI-LE-2_ITS	Malus domestica phyllosphere ITS amplicons	ITS1 gene  (ITS1F - ITS2) amplicon reads	2024-05-21	Canada	Université de Sherbrooke	orchard [ENVO:00000115]	leaf [ENVO:00000115]	Orchard phyllosphere interannual sampling	organic material [ENVO:01000155]
3750	Malus domestica	2024-1-ASB-LI-LE-3_ITS	Malus domestica phyllosphere ITS amplicons	ITS1 gene  (ITS1F - ITS2) amplicon reads	2024-05-21	Canada	Université de Sherbrooke	orchard [ENVO:00000115]	leaf [ENVO:00000115]	Orchard phyllosphere interannual sampling	organic material [ENVO:01000155]
3750	Malus domestica	2024-1-ASB-PR-LE-1_ITS	Malus domestica phyllosphere ITS amplicons	ITS1 gene  (ITS1F - ITS2) amplicon reads	2024-05-21	Canada	Université de Sherbrooke	orchard [ENVO:00000115]	leaf [ENVO:00000115]	Orchard phyllosphere interannual sampling	organic material [ENVO:01000155]
3750	Malus domestica	2024-1-ASB-PR-LE-2_ITS	Malus domestica phyllosphere ITS amplicons	ITS1 gene  (ITS1F - ITS2) amplicon reads	2024-05-21	Canada	Université de Sherbrooke	orchard [ENVO:00000115]	leaf [ENVO:00000115]	Orchard phyllosphere interannual sampling	organic material [ENVO:01000155]
3750	Malus domestica	2024-1-ASB-PR-LE-3_ITS	Malus domestica phyllosphere ITS amplicons	ITS1 gene  (ITS1F - ITS2) amplicon reads	2024-05-21	Canada	Université de Sherbrooke	orchard [ENVO:00000115]	leaf [ENVO:00000115]	Orchard phyllosphere interannual sampling	organic material [ENVO:01000155]
3750	Malus domestica	2024-1-COM-HC-LE-1_ITS	Malus domestica phyllosphere ITS amplicons	ITS1 gene  (ITS1F - ITS2) amplicon reads	2024-05-22	Canada	Université de Sherbrooke	orchard [ENVO:00000115]	leaf [ENVO:00000115]	Orchard phyllosphere interannual sampling	organic material [ENVO:01000155]
3750	Malus domestica	2024-1-COM-HC-LE-2_ITS	Malus domestica phyllosphere ITS amplicons	ITS1 gene  (ITS1F - ITS2) amplicon reads	2024-05-22	Canada	Université de Sherbrooke	orchard [ENVO:00000115]	leaf [ENVO:00000115]	Orchard phyllosphere interannual sampling	organic material [ENVO:01000155]
3750	Malus domestica	2024-1-COM-HC-LE-3_ITS	Malus domestica phyllosphere ITS amplicons	ITS1 gene  (ITS1F - ITS2) amplicon reads	2024-05-22	Canada	Université de Sherbrooke	orchard [ENVO:00000115]	leaf [ENVO:00000115]	Orchard phyllosphere interannual sampling	organic material [ENVO:01000155]
3750	Malus domestica	2024-1-COM-SP-LE-1_ITS	Malus domestica phyllosphere ITS amplicons	ITS1 gene  (ITS1F - ITS2) amplicon reads	2024-05-22	Canada	Université de Sherbrooke	orchard [ENVO:00000115]	leaf [ENVO:00000115]	Orchard phyllosphere interannual sampling	organic material [ENVO:01000155]
3750	Malus domestica	2024-1-COM-SP-LE-2_ITS	Malus domestica phyllosphere ITS amplicons	ITS1 gene  (ITS1F - ITS2) amplicon reads	2024-05-22	Canada	Université de Sherbrooke	orchard [ENVO:00000115]	leaf [ENVO:00000115]	Orchard phyllosphere interannual sampling	organic material [ENVO:01000155]
3750	Malus domestica	2024-1-COM-SP-LE-3_ITS	Malus domestica phyllosphere ITS amplicons	ITS1 gene  (ITS1F - ITS2) amplicon reads	2024-05-22	Canada	Université de Sherbrooke	orchard [ENVO:00000115]	leaf [ENVO:00000115]	Orchard phyllosphere interannual sampling	organic material [ENVO:01000155]
3750	Malus domestica	2024-1-MIB-HC-LE-1_ITS	Malus domestica phyllosphere ITS amplicons	ITS1 gene  (ITS1F - ITS2) amplicon reads	2024-05-23	Canada	Université de Sherbrooke	orchard [ENVO:00000115]	leaf [ENVO:00000115]	Orchard phyllosphere interannual sampling	organic material [ENVO:01000155]
3750	Malus domestica	2024-1-MIB-HC-LE-2_ITS	Malus domestica phyllosphere ITS amplicons	ITS1 gene  (ITS1F - ITS2) amplicon reads	2024-05-23	Canada	Université de Sherbrooke	orchard [ENVO:00000115]	leaf [ENVO:00000115]	Orchard phyllosphere interannual sampling	organic material [ENVO:01000155]
3750	Malus domestica	2024-1-MIB-HC-LE-3_ITS	Malus domestica phyllosphere ITS amplicons	ITS1 gene  (ITS1F - ITS2) amplicon reads	2024-05-23	Canada	Université de Sherbrooke	orchard [ENVO:00000115]	leaf [ENVO:00000115]	Orchard phyllosphere interannual sampling	organic material [ENVO:01000155]
3750	Malus domestica	2024-1-MIB-SP-LE-1_ITS	Malus domestica phyllosphere ITS amplicons	ITS1 gene  (ITS1F - ITS2) amplicon reads	2024-05-23	Canada	Université de Sherbrooke	orchard [ENVO:00000115]	leaf [ENVO:00000115]	Orchard phyllosphere interannual sampling	organic material [ENVO:01000155]
3750	Malus domestica	2024-1-MIB-SP-LE-2_ITS	Malus domestica phyllosphere ITS amplicons	ITS1 gene  (ITS1F - ITS2) amplicon reads	2024-05-23	Canada	Université de Sherbrooke	orchard [ENVO:00000115]	leaf [ENVO:00000115]	Orchard phyllosphere interannual sampling	organic material [ENVO:01000155]
3750	Malus domestica	2024-1-MIB-SP-LE-3_ITS	Malus domestica phyllosphere ITS amplicons	ITS1 gene  (ITS1F - ITS2) amplicon reads	2024-05-23	Canada	Université de Sherbrooke	orchard [ENVO:00000115]	leaf [ENVO:00000115]	Orchard phyllosphere interannual sampling	organic material [ENVO:01000155]
3750	Malus domestica	2024-1-MIC-HC-LE-1_ITS	Malus domestica phyllosphere ITS amplicons	ITS1 gene  (ITS1F - ITS2) amplicon reads	2024-05-23	Canada	Université de Sherbrooke	orchard [ENVO:00000115]	leaf [ENVO:00000115]	Orchard phyllosphere interannual sampling	organic material [ENVO:01000155]
3750	Malus domestica	2024-1-MIC-HC-LE-2_ITS	Malus domestica phyllosphere ITS amplicons	ITS1 gene  (ITS1F - ITS2) amplicon reads	2024-05-23	Canada	Université de Sherbrooke	orchard [ENVO:00000115]	leaf [ENVO:00000115]	Orchard phyllosphere interannual sampling	organic material [ENVO:01000155]
3750	Malus domestica	2024-1-MIC-HC-LE-3_ITS	Malus domestica phyllosphere ITS amplicons	ITS1 gene  (ITS1F - ITS2) amplicon reads	2024-05-23	Canada	Université de Sherbrooke	orchard [ENVO:00000115]	leaf [ENVO:00000115]	Orchard phyllosphere interannual sampling	organic material [ENVO:01000155]
3750	Malus domestica	2024-1-MIC-SP-LE-1_ITS	Malus domestica phyllosphere ITS amplicons	ITS1 gene  (ITS1F - ITS2) amplicon reads	2024-05-23	Canada	Université de Sherbrooke	orchard [ENVO:00000115]	leaf [ENVO:00000115]	Orchard phyllosphere interannual sampling	organic material [ENVO:01000155]
3750	Malus domestica	2024-1-MIC-SP-LE-2_ITS	Malus domestica phyllosphere ITS amplicons	ITS1 gene  (ITS1F - ITS2) amplicon reads	2024-05-23	Canada	Université de Sherbrooke	orchard [ENVO:00000115]	leaf [ENVO:00000115]	Orchard phyllosphere interannual sampling	organic material [ENVO:01000155]
3750	Malus domestica	2024-1-MIC-SP-LE-3_ITS	Malus domestica phyllosphere ITS amplicons	ITS1 gene  (ITS1F - ITS2) amplicon reads	2024-05-23	Canada	Université de Sherbrooke	orchard [ENVO:00000115]	leaf [ENVO:00000115]	Orchard phyllosphere interannual sampling	organic material [ENVO:01000155]
3750	Malus domestica	2024-1-PMB-CL-LE-1_ITS	Malus domestica phyllosphere ITS amplicons	ITS1 gene  (ITS1F - ITS2) amplicon reads	2024-05-22	Canada	Université de Sherbrooke	orchard [ENVO:00000115]	leaf [ENVO:00000115]	Orchard phyllosphere interannual sampling	organic material [ENVO:01000155]
3750	Malus domestica	2024-1-PMB-CL-LE-2_ITS	Malus domestica phyllosphere ITS amplicons	ITS1 gene  (ITS1F - ITS2) amplicon reads	2024-05-22	Canada	Université de Sherbrooke	orchard [ENVO:00000115]	leaf [ENVO:00000115]	Orchard phyllosphere interannual sampling	organic material [ENVO:01000155]
3750	Malus domestica	2024-1-PMB-CL-LE-3_ITS	Malus domestica phyllosphere ITS amplicons	ITS1 gene  (ITS1F - ITS2) amplicon reads	2024-05-22	Canada	Université de Sherbrooke	orchard [ENVO:00000115]	leaf [ENVO:00000115]	Orchard phyllosphere interannual sampling	organic material [ENVO:01000155]
3750	Malus domestica	2024-1-PMB-HC-LE-1_ITS	Malus domestica phyllosphere ITS amplicons	ITS1 gene  (ITS1F - ITS2) amplicon reads	2024-05-22	Canada	Université de Sherbrooke	orchard [ENVO:00000115]	leaf [ENVO:00000115]	Orchard phyllosphere interannual sampling	organic material [ENVO:01000155]
3750	Malus domestica	2024-1-PMB-LI-LE-1_ITS	Malus domestica phyllosphere ITS amplicons	ITS1 gene  (ITS1F - ITS2) amplicon reads	2024-05-22	Canada	Université de Sherbrooke	orchard [ENVO:00000115]	leaf [ENVO:00000115]	Orchard phyllosphere interannual sampling	organic material [ENVO:01000155]
3750	Malus domestica	2024-1-PMB-LI-LE-2_ITS	Malus domestica phyllosphere ITS amplicons	ITS1 gene  (ITS1F - ITS2) amplicon reads	2024-05-22	Canada	Université de Sherbrooke	orchard [ENVO:00000115]	leaf [ENVO:00000115]	Orchard phyllosphere interannual sampling	organic material [ENVO:01000155]
3750	Malus domestica	2024-1-PMB-LI-LE-3_ITS	Malus domestica phyllosphere ITS amplicons	ITS1 gene  (ITS1F - ITS2) amplicon reads	2024-05-22	Canada	Université de Sherbrooke	orchard [ENVO:00000115]	leaf [ENVO:00000115]	Orchard phyllosphere interannual sampling	organic material [ENVO:01000155]
3750	Malus domestica	2024-1-PMB-PR-LE-3_ITS	Malus domestica phyllosphere ITS amplicons	ITS1 gene  (ITS1F - ITS2) amplicon reads	2024-05-22	Canada	Université de Sherbrooke	orchard [ENVO:00000115]	leaf [ENVO:00000115]	Orchard phyllosphere interannual sampling	organic material [ENVO:01000155]
3750	Malus domestica	2024-1-PMB-SP-LE-1_ITS	Malus domestica phyllosphere ITS amplicons	ITS1 gene  (ITS1F - ITS2) amplicon reads	2024-05-22	Canada	Université de Sherbrooke	orchard [ENVO:00000115]	leaf [ENVO:00000115]	Orchard phyllosphere interannual sampling	organic material [ENVO:01000155]
3750	Malus domestica	2024-1-PMB-SP-LE-2_ITS	Malus domestica phyllosphere ITS amplicons	ITS1 gene  (ITS1F - ITS2) amplicon reads	2024-05-22	Canada	Université de Sherbrooke	orchard [ENVO:00000115]	leaf [ENVO:00000115]	Orchard phyllosphere interannual sampling	organic material [ENVO:01000155]
3750	Malus domestica	2024-1-PMB-SP-LE-3_ITS	Malus domestica phyllosphere ITS amplicons	ITS1 gene  (ITS1F - ITS2) amplicon reads	2024-05-22	Canada	Université de Sherbrooke	orchard [ENVO:00000115]	leaf [ENVO:00000115]	Orchard phyllosphere interannual sampling	organic material [ENVO:01000155]
3750	Malus domestica	2024-1-PMP-PR-LE-1_ITS	Malus domestica phyllosphere ITS amplicons	ITS1 gene  (ITS1F - ITS2) amplicon reads	2024-05-22	Canada	Université de Sherbrooke	orchard [ENVO:00000115]	leaf [ENVO:00000115]	Orchard phyllosphere interannual sampling	organic material [ENVO:01000155]
3750	Malus domestica	2024-1-PMP-PR-LE-2_ITS	Malus domestica phyllosphere ITS amplicons	ITS1 gene  (ITS1F - ITS2) amplicon reads	2024-05-22	Canada	Université de Sherbrooke	orchard [ENVO:00000115]	leaf [ENVO:00000115]	Orchard phyllosphere interannual sampling	organic material [ENVO:01000155]
3750	Malus domestica	2024-1-VBS-CL-LE-1_ITS	Malus domestica phyllosphere ITS amplicons	ITS1 gene  (ITS1F - ITS2) amplicon reads	2025-05-23	Canada	Université de Sherbrooke	orchard [ENVO:00000115]	leaf [ENVO:00000115]	Orchard phyllosphere interannual sampling	organic material [ENVO:01000155]
3750	Malus domestica	2024-1-VBS-CL-LE-2_ITS	Malus domestica phyllosphere ITS amplicons	ITS1 gene  (ITS1F - ITS2) amplicon reads	2025-05-23	Canada	Université de Sherbrooke	orchard [ENVO:00000115]	leaf [ENVO:00000115]	Orchard phyllosphere interannual sampling	organic material [ENVO:01000155]
3750	Malus domestica	2024-1-VBS-CL-LE-3_ITS	Malus domestica phyllosphere ITS amplicons	ITS1 gene  (ITS1F - ITS2) amplicon reads	2025-05-23	Canada	Université de Sherbrooke	orchard [ENVO:00000115]	leaf [ENVO:00000115]	Orchard phyllosphere interannual sampling	organic material [ENVO:01000155]
3750	Malus domestica	2024-1-VBS-LI-LE-1_ITS	Malus domestica phyllosphere ITS amplicons	ITS1 gene  (ITS1F - ITS2) amplicon reads	2025-05-23	Canada	Université de Sherbrooke	orchard [ENVO:00000115]	leaf [ENVO:00000115]	Orchard phyllosphere interannual sampling	organic material [ENVO:01000155]
3750	Malus domestica	2024-1-VBS-LI-LE-2_ITS	Malus domestica phyllosphere ITS amplicons	ITS1 gene  (ITS1F - ITS2) amplicon reads	2025-05-23	Canada	Université de Sherbrooke	orchard [ENVO:00000115]	leaf [ENVO:00000115]	Orchard phyllosphere interannual sampling	organic material [ENVO:01000155]
3750	Malus domestica	2024-1-VBS-LI-LE-3_ITS	Malus domestica phyllosphere ITS amplicons	ITS1 gene  (ITS1F - ITS2) amplicon reads	2025-05-23	Canada	Université de Sherbrooke	orchard [ENVO:00000115]	leaf [ENVO:00000115]	Orchard phyllosphere interannual sampling	organic material [ENVO:01000155]
3750	Malus domestica	2024-1-VBS-PR-LE-1_ITS	Malus domestica phyllosphere ITS amplicons	ITS1 gene  (ITS1F - ITS2) amplicon reads	2025-05-23	Canada	Université de Sherbrooke	orchard [ENVO:00000115]	leaf [ENVO:00000115]	Orchard phyllosphere interannual sampling	organic material [ENVO:01000155]
3750	Malus domestica	2024-1-VBS-PR-LE-2_ITS	Malus domestica phyllosphere ITS amplicons	ITS1 gene  (ITS1F - ITS2) amplicon reads	2025-05-23	Canada	Université de Sherbrooke	orchard [ENVO:00000115]	leaf [ENVO:00000115]	Orchard phyllosphere interannual sampling	organic material [ENVO:01000155]
3750	Malus domestica	2024-1-VBS-PR-LE-3_ITS	Malus domestica phyllosphere ITS amplicons	ITS1 gene  (ITS1F - ITS2) amplicon reads	2025-05-23	Canada	Université de Sherbrooke	orchard [ENVO:00000115]	leaf [ENVO:00000115]	Orchard phyllosphere interannual sampling	organic material [ENVO:01000155]
3750	Malus domestica	2024-2-ASB-CL-LE-1_ITS	Malus domestica phyllosphere ITS amplicons	ITS1 gene  (ITS1F - ITS2) amplicon reads	2024-07-17	Canada	Université de Sherbrooke	orchard [ENVO:00000115]	leaf [ENVO:00000115]	Orchard phyllosphere interannual sampling	organic material [ENVO:01000155]
3750	Malus domestica	2024-2-ASB-CL-LE-2_ITS	Malus domestica phyllosphere ITS amplicons	ITS1 gene  (ITS1F - ITS2) amplicon reads	2024-07-17	Canada	Université de Sherbrooke	orchard [ENVO:00000115]	leaf [ENVO:00000115]	Orchard phyllosphere interannual sampling	organic material [ENVO:01000155]
3750	Malus domestica	2024-2-ASB-CL-LE-3_ITS	Malus domestica phyllosphere ITS amplicons	ITS1 gene  (ITS1F - ITS2) amplicon reads	2024-07-17	Canada	Université de Sherbrooke	orchard [ENVO:00000115]	leaf [ENVO:00000115]	Orchard phyllosphere interannual sampling	organic material [ENVO:01000155]
3750	Malus domestica	2024-2-ASB-LI-LE-1_ITS	Malus domestica phyllosphere ITS amplicons	ITS1 gene  (ITS1F - ITS2) amplicon reads	2024-07-17	Canada	Université de Sherbrooke	orchard [ENVO:00000115]	leaf [ENVO:00000115]	Orchard phyllosphere interannual sampling	organic material [ENVO:01000155]
3750	Malus domestica	2024-2-ASB-LI-LE-2_ITS	Malus domestica phyllosphere ITS amplicons	ITS1 gene  (ITS1F - ITS2) amplicon reads	2024-07-17	Canada	Université de Sherbrooke	orchard [ENVO:00000115]	leaf [ENVO:00000115]	Orchard phyllosphere interannual sampling	organic material [ENVO:01000155]
3750	Malus domestica	2024-2-ASB-LI-LE-3_ITS	Malus domestica phyllosphere ITS amplicons	ITS1 gene  (ITS1F - ITS2) amplicon reads	2024-07-17	Canada	Université de Sherbrooke	orchard [ENVO:00000115]	leaf [ENVO:00000115]	Orchard phyllosphere interannual sampling	organic material [ENVO:01000155]
3750	Malus domestica	2024-2-ASB-PR-LE-1_ITS	Malus domestica phyllosphere ITS amplicons	ITS1 gene  (ITS1F - ITS2) amplicon reads	2024-07-17	Canada	Université de Sherbrooke	orchard [ENVO:00000115]	leaf [ENVO:00000115]	Orchard phyllosphere interannual sampling	organic material [ENVO:01000155]
3750	Malus domestica	2024-2-ASB-PR-LE-2_ITS	Malus domestica phyllosphere ITS amplicons	ITS1 gene  (ITS1F - ITS2) amplicon reads	2024-07-17	Canada	Université de Sherbrooke	orchard [ENVO:00000115]	leaf [ENVO:00000115]	Orchard phyllosphere interannual sampling	organic material [ENVO:01000155]
3750	Malus domestica	2024-2-ASB-PR-LE-3_ITS	Malus domestica phyllosphere ITS amplicons	ITS1 gene  (ITS1F - ITS2) amplicon reads	2024-07-17	Canada	Université de Sherbrooke	orchard [ENVO:00000115]	leaf [ENVO:00000115]	Orchard phyllosphere interannual sampling	organic material [ENVO:01000155]
3750	Malus domestica	2024-2-COM-HC-LE-1_ITS	Malus domestica phyllosphere ITS amplicons	ITS1 gene  (ITS1F - ITS2) amplicon reads	2024-07-17	Canada	Université de Sherbrooke	orchard [ENVO:00000115]	leaf [ENVO:00000115]	Orchard phyllosphere interannual sampling	organic material [ENVO:01000155]
3750	Malus domestica	2024-2-COM-HC-LE-2_ITS	Malus domestica phyllosphere ITS amplicons	ITS1 gene  (ITS1F - ITS2) amplicon reads	2024-07-17	Canada	Université de Sherbrooke	orchard [ENVO:00000115]	leaf [ENVO:00000115]	Orchard phyllosphere interannual sampling	organic material [ENVO:01000155]
3750	Malus domestica	2024-2-COM-HC-LE-3_ITS	Malus domestica phyllosphere ITS amplicons	ITS1 gene  (ITS1F - ITS2) amplicon reads	2024-07-17	Canada	Université de Sherbrooke	orchard [ENVO:00000115]	leaf [ENVO:00000115]	Orchard phyllosphere interannual sampling	organic material [ENVO:01000155]
3750	Malus domestica	2024-2-COM-SP-LE-1_ITS	Malus domestica phyllosphere ITS amplicons	ITS1 gene  (ITS1F - ITS2) amplicon reads	2024-07-17	Canada	Université de Sherbrooke	orchard [ENVO:00000115]	leaf [ENVO:00000115]	Orchard phyllosphere interannual sampling	organic material [ENVO:01000155]
3750	Malus domestica	2024-2-COM-SP-LE-2_ITS	Malus domestica phyllosphere ITS amplicons	ITS1 gene  (ITS1F - ITS2) amplicon reads	2024-07-17	Canada	Université de Sherbrooke	orchard [ENVO:00000115]	leaf [ENVO:00000115]	Orchard phyllosphere interannual sampling	organic material [ENVO:01000155]
3750	Malus domestica	2024-2-COM-SP-LE-3_ITS	Malus domestica phyllosphere ITS amplicons	ITS1 gene  (ITS1F - ITS2) amplicon reads	2024-07-17	Canada	Université de Sherbrooke	orchard [ENVO:00000115]	leaf [ENVO:00000115]	Orchard phyllosphere interannual sampling	organic material [ENVO:01000155]
3750	Malus domestica	2024-2-MIB-HC-LE-1_ITS	Malus domestica phyllosphere ITS amplicons	ITS1 gene  (ITS1F - ITS2) amplicon reads	2024-07-16	Canada	Université de Sherbrooke	orchard [ENVO:00000115]	leaf [ENVO:00000115]	Orchard phyllosphere interannual sampling	organic material [ENVO:01000155]
3750	Malus domestica	2024-2-MIB-HC-LE-2_ITS	Malus domestica phyllosphere ITS amplicons	ITS1 gene  (ITS1F - ITS2) amplicon reads	2024-07-16	Canada	Université de Sherbrooke	orchard [ENVO:00000115]	leaf [ENVO:00000115]	Orchard phyllosphere interannual sampling	organic material [ENVO:01000155]
3750	Malus domestica	2024-2-MIB-HC-LE-3_ITS	Malus domestica phyllosphere ITS amplicons	ITS1 gene  (ITS1F - ITS2) amplicon reads	2024-07-16	Canada	Université de Sherbrooke	orchard [ENVO:00000115]	leaf [ENVO:00000115]	Orchard phyllosphere interannual sampling	organic material [ENVO:01000155]
3750	Malus domestica	2024-2-MIB-SP-LE-1_ITS	Malus domestica phyllosphere ITS amplicons	ITS1 gene  (ITS1F - ITS2) amplicon reads	2024-07-16	Canada	Université de Sherbrooke	orchard [ENVO:00000115]	leaf [ENVO:00000115]	Orchard phyllosphere interannual sampling	organic material [ENVO:01000155]
3750	Malus domestica	2024-2-MIB-SP-LE-2_ITS	Malus domestica phyllosphere ITS amplicons	ITS1 gene  (ITS1F - ITS2) amplicon reads	2024-07-16	Canada	Université de Sherbrooke	orchard [ENVO:00000115]	leaf [ENVO:00000115]	Orchard phyllosphere interannual sampling	organic material [ENVO:01000155]
3750	Malus domestica	2024-2-MIB-SP-LE-3_ITS	Malus domestica phyllosphere ITS amplicons	ITS1 gene  (ITS1F - ITS2) amplicon reads	2024-07-16	Canada	Université de Sherbrooke	orchard [ENVO:00000115]	leaf [ENVO:00000115]	Orchard phyllosphere interannual sampling	organic material [ENVO:01000155]
3750	Malus domestica	2024-2-MIC-HC-LE-1_ITS	Malus domestica phyllosphere ITS amplicons	ITS1 gene  (ITS1F - ITS2) amplicon reads	2024-07-16	Canada	Université de Sherbrooke	orchard [ENVO:00000115]	leaf [ENVO:00000115]	Orchard phyllosphere interannual sampling	organic material [ENVO:01000155]
3750	Malus domestica	2024-2-MIC-HC-LE-2_ITS	Malus domestica phyllosphere ITS amplicons	ITS1 gene  (ITS1F - ITS2) amplicon reads	2024-07-16	Canada	Université de Sherbrooke	orchard [ENVO:00000115]	leaf [ENVO:00000115]	Orchard phyllosphere interannual sampling	organic material [ENVO:01000155]
3750	Malus domestica	2024-2-MIC-HC-LE-3_ITS	Malus domestica phyllosphere ITS amplicons	ITS1 gene  (ITS1F - ITS2) amplicon reads	2024-07-16	Canada	Université de Sherbrooke	orchard [ENVO:00000115]	leaf [ENVO:00000115]	Orchard phyllosphere interannual sampling	organic material [ENVO:01000155]
3750	Malus domestica	2024-2-MIC-SP-LE-1_ITS	Malus domestica phyllosphere ITS amplicons	ITS1 gene  (ITS1F - ITS2) amplicon reads	2024-07-16	Canada	Université de Sherbrooke	orchard [ENVO:00000115]	leaf [ENVO:00000115]	Orchard phyllosphere interannual sampling	organic material [ENVO:01000155]
3750	Malus domestica	2024-2-MIC-SP-LE-2_ITS	Malus domestica phyllosphere ITS amplicons	ITS1 gene  (ITS1F - ITS2) amplicon reads	2024-07-16	Canada	Université de Sherbrooke	orchard [ENVO:00000115]	leaf [ENVO:00000115]	Orchard phyllosphere interannual sampling	organic material [ENVO:01000155]
3750	Malus domestica	2024-2-MIC-SP-LE-3_ITS	Malus domestica phyllosphere ITS amplicons	ITS1 gene  (ITS1F - ITS2) amplicon reads	2024-07-16	Canada	Université de Sherbrooke	orchard [ENVO:00000115]	leaf [ENVO:00000115]	Orchard phyllosphere interannual sampling	organic material [ENVO:01000155]
3750	Malus domestica	2024-2-PMB-CL-LE-1_ITS	Malus domestica phyllosphere ITS amplicons	ITS1 gene  (ITS1F - ITS2) amplicon reads	2024-07-17	Canada	Université de Sherbrooke	orchard [ENVO:00000115]	leaf [ENVO:00000115]	Orchard phyllosphere interannual sampling	organic material [ENVO:01000155]
3750	Malus domestica	2024-2-PMB-CL-LE-2_ITS	Malus domestica phyllosphere ITS amplicons	ITS1 gene  (ITS1F - ITS2) amplicon reads	2024-07-17	Canada	Université de Sherbrooke	orchard [ENVO:00000115]	leaf [ENVO:00000115]	Orchard phyllosphere interannual sampling	organic material [ENVO:01000155]
3750	Malus domestica	2024-2-PMB-CL-LE-3_ITS	Malus domestica phyllosphere ITS amplicons	ITS1 gene  (ITS1F - ITS2) amplicon reads	2024-07-17	Canada	Université de Sherbrooke	orchard [ENVO:00000115]	leaf [ENVO:00000115]	Orchard phyllosphere interannual sampling	organic material [ENVO:01000155]
3750	Malus domestica	2024-2-PMB-HC-LE-1_ITS	Malus domestica phyllosphere ITS amplicons	ITS1 gene  (ITS1F - ITS2) amplicon reads	2024-07-17	Canada	Université de Sherbrooke	orchard [ENVO:00000115]	leaf [ENVO:00000115]	Orchard phyllosphere interannual sampling	organic material [ENVO:01000155]
3750	Malus domestica	2024-2-PMB-HC-LE-2_ITS	Malus domestica phyllosphere ITS amplicons	ITS1 gene  (ITS1F - ITS2) amplicon reads	2024-07-17	Canada	Université de Sherbrooke	orchard [ENVO:00000115]	leaf [ENVO:00000115]	Orchard phyllosphere interannual sampling	organic material [ENVO:01000155]
3750	Malus domestica	2024-2-PMB-HC-LE-3_ITS	Malus domestica phyllosphere ITS amplicons	ITS1 gene  (ITS1F - ITS2) amplicon reads	2024-07-17	Canada	Université de Sherbrooke	orchard [ENVO:00000115]	leaf [ENVO:00000115]	Orchard phyllosphere interannual sampling	organic material [ENVO:01000155]
3750	Malus domestica	2024-2-PMB-LI-LE-1_ITS	Malus domestica phyllosphere ITS amplicons	ITS1 gene  (ITS1F - ITS2) amplicon reads	2024-07-17	Canada	Université de Sherbrooke	orchard [ENVO:00000115]	leaf [ENVO:00000115]	Orchard phyllosphere interannual sampling	organic material [ENVO:01000155]
3750	Malus domestica	2024-2-PMB-LI-LE-2_ITS	Malus domestica phyllosphere ITS amplicons	ITS1 gene  (ITS1F - ITS2) amplicon reads	2024-07-17	Canada	Université de Sherbrooke	orchard [ENVO:00000115]	leaf [ENVO:00000115]	Orchard phyllosphere interannual sampling	organic material [ENVO:01000155]
3750	Malus domestica	2024-2-PMB-LI-LE-3_ITS	Malus domestica phyllosphere ITS amplicons	ITS1 gene  (ITS1F - ITS2) amplicon reads	2024-07-17	Canada	Université de Sherbrooke	orchard [ENVO:00000115]	leaf [ENVO:00000115]	Orchard phyllosphere interannual sampling	organic material [ENVO:01000155]
3750	Malus domestica	2024-2-PMB-PR-LE-1_ITS	Malus domestica phyllosphere ITS amplicons	ITS1 gene  (ITS1F - ITS2) amplicon reads	2024-07-17	Canada	Université de Sherbrooke	orchard [ENVO:00000115]	leaf [ENVO:00000115]	Orchard phyllosphere interannual sampling	organic material [ENVO:01000155]
3750	Malus domestica	2024-2-PMB-PR-LE-2_ITS	Malus domestica phyllosphere ITS amplicons	ITS1 gene  (ITS1F - ITS2) amplicon reads	2024-07-17	Canada	Université de Sherbrooke	orchard [ENVO:00000115]	leaf [ENVO:00000115]	Orchard phyllosphere interannual sampling	organic material [ENVO:01000155]
3750	Malus domestica	2024-2-PMB-PR-LE-3_ITS	Malus domestica phyllosphere ITS amplicons	ITS1 gene  (ITS1F - ITS2) amplicon reads	2024-07-17	Canada	Université de Sherbrooke	orchard [ENVO:00000115]	leaf [ENVO:00000115]	Orchard phyllosphere interannual sampling	organic material [ENVO:01000155]
3750	Malus domestica	2024-2-PMB-SP-LE-1_ITS	Malus domestica phyllosphere ITS amplicons	ITS1 gene  (ITS1F - ITS2) amplicon reads	2024-07-17	Canada	Université de Sherbrooke	orchard [ENVO:00000115]	leaf [ENVO:00000115]	Orchard phyllosphere interannual sampling	organic material [ENVO:01000155]
3750	Malus domestica	2024-2-PMB-SP-LE-2_ITS	Malus domestica phyllosphere ITS amplicons	ITS1 gene  (ITS1F - ITS2) amplicon reads	2024-07-17	Canada	Université de Sherbrooke	orchard [ENVO:00000115]	leaf [ENVO:00000115]	Orchard phyllosphere interannual sampling	organic material [ENVO:01000155]
3750	Malus domestica	2024-2-PMB-SP-LE-3_ITS	Malus domestica phyllosphere ITS amplicons	ITS1 gene  (ITS1F - ITS2) amplicon reads	2024-07-17	Canada	Université de Sherbrooke	orchard [ENVO:00000115]	leaf [ENVO:00000115]	Orchard phyllosphere interannual sampling	organic material [ENVO:01000155]
3750	Malus domestica	2024-2-VBS-CL-LE-1_ITS	Malus domestica phyllosphere ITS amplicons	ITS1 gene  (ITS1F - ITS2) amplicon reads	2024-07-17	Canada	Université de Sherbrooke	orchard [ENVO:00000115]	leaf [ENVO:00000115]	Orchard phyllosphere interannual sampling	organic material [ENVO:01000155]
3750	Malus domestica	2024-2-VBS-CL-LE-2_ITS	Malus domestica phyllosphere ITS amplicons	ITS1 gene  (ITS1F - ITS2) amplicon reads	2024-07-17	Canada	Université de Sherbrooke	orchard [ENVO:00000115]	leaf [ENVO:00000115]	Orchard phyllosphere interannual sampling	organic material [ENVO:01000155]
3750	Malus domestica	2024-2-VBS-CL-LE-3_ITS	Malus domestica phyllosphere ITS amplicons	ITS1 gene  (ITS1F - ITS2) amplicon reads	2024-07-17	Canada	Université de Sherbrooke	orchard [ENVO:00000115]	leaf [ENVO:00000115]	Orchard phyllosphere interannual sampling	organic material [ENVO:01000155]
3750	Malus domestica	2024-2-VBS-LI-LE-1_ITS	Malus domestica phyllosphere ITS amplicons	ITS1 gene  (ITS1F - ITS2) amplicon reads	2024-07-17	Canada	Université de Sherbrooke	orchard [ENVO:00000115]	leaf [ENVO:00000115]	Orchard phyllosphere interannual sampling	organic material [ENVO:01000155]
3750	Malus domestica	2024-2-VBS-LI-LE-2_ITS	Malus domestica phyllosphere ITS amplicons	ITS1 gene  (ITS1F - ITS2) amplicon reads	2024-07-17	Canada	Université de Sherbrooke	orchard [ENVO:00000115]	leaf [ENVO:00000115]	Orchard phyllosphere interannual sampling	organic material [ENVO:01000155]
3750	Malus domestica	2024-2-VBS-LI-LE-3_ITS	Malus domestica phyllosphere ITS amplicons	ITS1 gene  (ITS1F - ITS2) amplicon reads	2024-07-17	Canada	Université de Sherbrooke	orchard [ENVO:00000115]	leaf [ENVO:00000115]	Orchard phyllosphere interannual sampling	organic material [ENVO:01000155]
3750	Malus domestica	2024-2-VBS-PR-LE-1_ITS	Malus domestica phyllosphere ITS amplicons	ITS1 gene  (ITS1F - ITS2) amplicon reads	2024-07-17	Canada	Université de Sherbrooke	orchard [ENVO:00000115]	leaf [ENVO:00000115]	Orchard phyllosphere interannual sampling	organic material [ENVO:01000155]
3750	Malus domestica	2024-2-VBS-PR-LE-2_ITS	Malus domestica phyllosphere ITS amplicons	ITS1 gene  (ITS1F - ITS2) amplicon reads	2024-07-17	Canada	Université de Sherbrooke	orchard [ENVO:00000115]	leaf [ENVO:00000115]	Orchard phyllosphere interannual sampling	organic material [ENVO:01000155]
3750	Malus domestica	2024-2-VBS-PR-LE-3_ITS	Malus domestica phyllosphere ITS amplicons	ITS1 gene  (ITS1F - ITS2) amplicon reads	2024-07-17	Canada	Université de Sherbrooke	orchard [ENVO:00000115]	leaf [ENVO:00000115]	Orchard phyllosphere interannual sampling	organic material [ENVO:01000155]
3750	Malus domestica	ctrl_PCR_neg_LaforestP10_ITS	Malus domestica phyllosphere ITS amplicons	ITS1 gene  (ITS1F - ITS2) amplicon reads	2024-07-17	Canada	Université de Sherbrooke	orchard [ENVO:00000115]	leaf [ENVO:00000115]	Orchard phyllosphere interannual sampling	organic material [ENVO:01000155]